,li_group,head_age,nu18,n1864,n65,nu18smooth,n1864smooth,n65smooth
0,"(0.0, 0.25]",20.0,0.3141025641025641,0.5320512820512822,0.0,0.3301001251179605,1.6098500487904688,0.00013019469817653333
1,"(0.0, 0.25]",21.0,0.48701298701298706,0.6298701298701299,0.0,0.4029342966949538,1.6300082854975408,0.0003199686258201037
2,"(0.0, 0.25]",22.0,0.4894736842105264,0.631578947368421,0.0,0.4755058594137064,1.6499186168907793,0.0005066129657334566
3,"(0.0, 0.25]",23.0,0.4536082474226804,0.6855670103092784,0.0,0.5476797331097569,1.6696022977928693,0.0006893497333289811
4,"(0.0, 0.25]",24.0,0.5527638190954773,0.693467336683417,0.005025125628140704,0.6192893886020577,1.6890907212887998,0.0008674879885867191
5,"(0.0, 0.25]",25.0,0.6666666666666666,0.7333333333333334,0.0,0.6901823691074845,1.7084156735256006,0.0010401184738341816
6,"(0.0, 0.25]",26.0,0.6756756756756757,0.7837837837837838,0.0,0.760225480572102,1.72760778053792,0.0012047178764124436
7,"(0.0, 0.25]",27.0,0.8187134502923976,0.7368421052631582,0.0,0.8293055866752211,1.746685318627063,0.001358239333396604
8,"(0.0, 0.25]",28.0,0.951048951048951,0.7762237762237765,0.0,0.8973718589824551,1.7656383992033473,0.0014977505167641156
9,"(0.0, 0.25]",29.0,1.00625,0.79375,0.0,0.9644733277627131,1.784433710517228,0.001621048183154347
10,"(0.0, 0.25]",30.0,1.1239669421487604,0.8512396694214881,0.0,1.0308201154725827,1.802965014423421,0.0017278325052429095
11,"(0.0, 0.25]",31.0,1.251908396946565,0.8091603053435117,0.0076335877862595426,1.0967648066968374,1.8207773738874993,0.001819341723185125
12,"(0.0, 0.25]",32.0,1.1842105263157894,0.8771929824561404,0.008771929824561403,1.1416295206669869,1.8360912339312772,0.001777069393449139
13,"(0.0, 0.25]",33.0,1.36,0.79,0.0,1.1792798813303307,1.851259807563447,0.0017223042206252347
14,"(0.0, 0.25]",34.0,1.3853211009174309,0.926605504587156,0.009174311926605505,1.2103992284587082,1.8667082102404806,0.0016608668907440623
15,"(0.0, 0.25]",35.0,1.4368932038834952,0.854368932038835,0.0,1.2343837292257234,1.882725989062743,0.0015934368007437894
16,"(0.0, 0.25]",36.0,1.4375,0.90625,0.0,1.250065311714748,1.8989274437355994,0.0015055484790469707
17,"(0.0, 0.25]",37.0,1.53125,0.84375,0.0,1.256531353795665,1.9144319251468522,0.001371568626699968
18,"(0.0, 0.25]",38.0,1.380952380952381,0.9619047619047616,0.0,1.2534110399153593,1.9283737810378923,0.0011896410362502387
19,"(0.0, 0.25]",39.0,1.2653061224489797,0.9387755102040816,0.0,1.2404244543121588,1.9402343470366752,0.000990202228520311
20,"(0.0, 0.25]",40.0,1.2978723404255321,0.8404255319148937,0.0,1.2171364653806933,1.9502734914294948,0.000804838535928265
21,"(0.0, 0.25]",41.0,1.2580645161290325,1.021505376344086,0.0,1.183319099831491,1.9589470955244122,0.0006724514152425776
22,"(0.0, 0.25]",42.0,1.0957446808510638,1.0,0.0,1.1394070831948921,1.966655212164167,0.000654754092235352
23,"(0.0, 0.25]",43.0,1.2043010752688172,1.075268817204301,0.0,1.0865965987414403,1.9735716158022272,0.0007921910122070481
24,"(0.0, 0.25]",44.0,1.2,1.164705882352941,0.0,1.0273564201021894,1.9801148707373133,0.0010530288137388737
25,"(0.0, 0.25]",45.0,1.0549450549450552,1.1648351648351647,0.0,0.965036993908526,1.9863644140848695,0.001389088732537026
26,"(0.0, 0.25]",46.0,0.8961038961038961,0.974025974025974,0.0,0.9019401957515006,1.9920315394985464,0.0017609108981604987
27,"(0.0, 0.25]",47.0,0.8352941176470589,0.9411764705882355,0.0,0.8398207980931509,1.9963844774248298,0.0021387568318917247
28,"(0.0, 0.25]",48.0,0.8125,1.0104166666666665,0.0,0.7798200278321311,1.9989712423098476,0.0025136919717245296
29,"(0.0, 0.25]",49.0,0.5585585585585585,0.9279279279279282,0.018018018018018014,0.7224652020537876,1.99950827893122,0.0029308622063880315
30,"(0.0, 0.25]",50.0,0.5604395604395604,1.0329670329670333,0.0,0.6678086107988263,1.9978723774778477,0.003418150137583968
31,"(0.0, 0.25]",51.0,0.4941176470588236,0.9882352941176471,0.0,0.6160195464047021,1.9939985432901688,0.003972118233904823
32,"(0.0, 0.25]",52.0,0.4222222222222222,0.9888888888888892,0.011111111111111113,0.5672245439659593,1.9880108890310446,0.004583361457332871
33,"(0.0, 0.25]",53.0,0.42857142857142855,0.9404761904761905,0.011904761904761904,0.5214202040219676,1.9801471079329325,0.0052434104404054105
34,"(0.0, 0.25]",54.0,0.5070422535211268,1.084507042253521,0.0,0.47856150769473865,1.9702764131827477,0.005932372267767563
35,"(0.0, 0.25]",55.0,0.3522727272727273,1.0454545454545454,0.03409090909090909,0.4388602839503656,1.958353873908267,0.006652868416982775
36,"(0.0, 0.25]",56.0,0.2972972972972973,0.9729729729729732,0.0,0.4024546193087821,1.9440727231762231,0.007813792186024253
37,"(0.0, 0.25]",57.0,0.4150943396226415,0.9528301886792447,0.009433962264150943,0.36954956996331395,1.9270133490696104,0.010841399941971272
38,"(0.0, 0.25]",58.0,0.3764705882352941,0.9882352941176471,0.0,0.3401148651550142,1.90670466895247,0.0167680896185639
39,"(0.0, 0.25]",59.0,0.4310344827586207,0.9568965517241383,0.017241379310344827,0.3135750336768885,1.8829952595743142,0.025455431129541933
40,"(0.0, 0.25]",60.0,0.37,0.8999999999999999,0.01,0.2889955778220074,1.855900084190448,0.03622093430164541
41,"(0.0, 0.25]",61.0,0.2982456140350877,0.8859649122807016,0.008771929824561403,0.2653810725171881,1.8252749733813163,0.04872068992748965
42,"(0.0, 0.25]",62.0,0.16822429906542055,0.7943925233644857,0.009345794392523364,0.24261284786056667,1.791065664758163,0.06291769865813548
43,"(0.0, 0.25]",63.0,0.19130434782608696,0.7739130434782608,0.052173913043478265,0.22066774604381648,1.7534866588313944,0.07860290435477671
44,"(0.0, 0.25]",64.0,0.09174311926605504,0.7155963302752293,0.06422018348623854,0.1995367453223527,1.7137348684761633,0.09630362749179561
45,"(0.0, 0.25]",65.0,0.07407407407407407,0.7129629629629629,0.07407407407407418,0.17937445641093996,0.6735598452676015,1.1167580471689935
46,"(0.0, 0.25]",66.0,0.14545454545454545,0.5636363636363636,0.1272727272727272,0.1602348626194505,0.6341946666467136,1.1366533388734934
47,"(0.0, 0.25]",67.0,0.16129032258064516,0.6129032258064516,0.15053763440860224,0.14230746845901737,0.597156200106905,1.1545615041297321
48,"(0.0, 0.25]",68.0,0.1388888888888889,0.5694444444444444,0.22222222222222232,0.12626019267639424,0.5639188557612859,1.1713354781753895
49,"(0.0, 0.25]",69.0,0.029411764705882356,0.4411764705882353,0.3088235294117647,0.11261388926832651,0.535083870187019,1.1884124501657902
50,"(0.0, 0.25]",70.0,0.08450704225352113,0.3380281690140845,0.3098591549295775,0.10405167696795269,0.5192207500972121,1.206716845416037
51,"(0.0, 0.25]",71.0,0.016666666666666666,0.26666666666666666,0.3166666666666669,0.09523284186306795,0.5031995059691886,1.2250886306016011
52,"(0.0, 0.25]",72.0,0.17543859649122806,0.42105263157894735,0.4210526315789471,0.08644722059688427,0.4863589049008063,1.2434939788224986
53,"(0.0, 0.25]",73.0,0.1016949152542373,0.288135593220339,0.3389830508474576,0.07783786988465,0.46912280017991087,1.2619236807707748
54,"(0.0, 0.25]",74.0,0.05084745762711865,0.3728813559322034,0.3220338983050848,0.06942536522494848,0.4518466235822897,1.2803696634584356
55,"(0.0, 0.25]",75.0,0.1016949152542373,0.3728813559322034,0.30508474576271194,0.061190306225632395,0.43479574653772524,1.2988236821479646
56,"(0.0, 0.25]",76.0,0.022727272727272728,0.20454545454545456,0.2727272727272727,0.05310742295652012,0.4181889981413914,1.3172762326457006
57,"(0.0, 0.25]",77.0,0.075,0.475,0.32499999999999996,0.04514129696865384,0.40221879147891476,1.335713775713251
58,"(0.0, 0.25]",78.0,0.07407407407407407,0.4444444444444444,0.2962962962962965,0.037263428059311036,0.3870459600677023,1.3541285358443327
59,"(0.0, 0.25]",79.0,0.0,0.5,0.375,0.029437079174281643,0.37275865963766297,1.37252399250137
60,"(0.0, 0.25]",80.0,0.0,0.4736842105263158,0.26315789473684204,0.021618020734344684,0.35937733487459145,1.3909054758003463
61,"(0.25, 0.5]",20.0,0.33195020746887965,0.5020746887966805,0.0,0.32278831820337833,1.5227322886793186,-0.00021460024524109605
62,"(0.25, 0.5]",21.0,0.4622950819672131,0.5377049180327869,0.0,0.38891022996214647,1.5429636132130788,-0.00017257837792186123
63,"(0.25, 0.5]",22.0,0.5,0.5628272251308899,0.0,0.4551736378780899,1.563024498434189,-0.00012821198466065763
64,"(0.25, 0.5]",23.0,0.5031446540880503,0.5681341719077568,0.0,0.5214748001959959,1.5829024119381683,-8.138522216791097e-05
65,"(0.25, 0.5]",24.0,0.5557851239669421,0.5929752066115703,0.0,0.5876557539787405,1.60258599843678,-3.2071703219579185e-05
66,"(0.25, 0.5]",25.0,0.5269230769230769,0.6076923076923078,0.0,0.6535303645289362,1.6220709502302797,1.966714755268048e-05
67,"(0.25, 0.5]",26.0,0.6716738197424893,0.6974248927038629,0.0,0.7188996392516233,1.641362488510882,7.36779761711231e-05
68,"(0.25, 0.5]",27.0,0.7038539553752535,0.6612576064908722,0.0,0.783579623661817,1.6604757217219697,0.00012969894783247275
69,"(0.25, 0.5]",28.0,0.8159645232815964,0.6762749445676275,0.0,0.8474213552870878,1.6794201135083395,0.00018731893426587778
70,"(0.25, 0.5]",29.0,0.9344660194174758,0.7063106796116505,0.0,0.9103727614953228,1.6982136507693917,0.0002459110912351552
71,"(0.25, 0.5]",30.0,1.0559796437659033,0.7786259541984732,0.0,0.9725272286034387,1.716889881835046,0.0003047311726349163
72,"(0.25, 0.5]",31.0,1.169811320754717,0.738544474393531,0.0,1.0339243458882075,1.7353634369407032,0.0003648204506112731
73,"(0.25, 0.5]",32.0,1.299093655589124,0.7703927492447131,0.0,1.069572031876347,1.7518516547661669,0.0004229940173926074
74,"(0.25, 0.5]",33.0,1.2551928783382789,0.8011869436201782,0.0,1.0967443241592985,1.7685233435118757,0.0004698811939764479
75,"(0.25, 0.5]",34.0,1.273648648648649,0.8175675675675675,0.0,1.1186649378483289,1.785484608621589,0.0005178438780555246
76,"(0.25, 0.5]",35.0,1.5671641791044777,0.7873134328358209,0.00373134328358209,1.1367793352214568,1.8024863685452264,0.0005751064562838286
77,"(0.25, 0.5]",36.0,1.4395604395604396,0.7362637362637363,0.0,1.1514683283895226,1.8191396913761149,0.0006518109914964823
78,"(0.25, 0.5]",37.0,1.5227272727272727,0.8257575757575759,0.0,1.1631486489468823,1.8352076016086722,0.0007468312307276259
79,"(0.25, 0.5]",38.0,1.3914893617021276,0.7617021276595746,0.00425531914893617,1.1715342439083531,1.850531438204855,0.0008612734986029725
80,"(0.25, 0.5]",39.0,1.2763157894736843,0.87280701754386,0.0,1.1749909021268934,1.8649210249553492,0.0009836221536208977
81,"(0.25, 0.5]",40.0,1.406926406926407,0.8484848484848484,0.0,1.1707045653162358,1.8785844242069762,0.0010936033544983528
82,"(0.25, 0.5]",41.0,1.2345679012345678,0.9135802469135803,0.0,1.155037483343618,1.8919499993111752,0.0011736159576404847
83,"(0.25, 0.5]",42.0,1.2203389830508475,0.9703389830508475,0.0,1.1262898040999805,1.905477182119828,0.0012186810957794025
84,"(0.25, 0.5]",43.0,1.15962441314554,0.976525821596244,0.0,1.086401700997293,1.9193565813478037,0.001242996899415699
85,"(0.25, 0.5]",44.0,1.0228310502283104,1.0045662100456623,0.0045662100456621,1.0387843329816038,1.9333275986008152,0.001261924122775998
86,"(0.25, 0.5]",45.0,0.9107981220657276,0.9436619718309858,0.0,0.9862925492268557,1.9461336989941276,0.0013000522155898432
87,"(0.25, 0.5]",46.0,0.9455445544554456,0.935643564356436,0.0049504950495049506,0.93190731556277,1.956026163569566,0.0013701324849522763
88,"(0.25, 0.5]",47.0,0.8461538461538461,0.9864253393665161,0.0,0.8770771200365053,1.9620211021540388,0.0014741543310810522
89,"(0.25, 0.5]",48.0,0.6467391304347826,0.9782608695652173,0.005434782608695652,0.8216867102557861,1.9642345514642794,0.0016020483283819922
90,"(0.25, 0.5]",49.0,0.7373271889400922,0.953917050691244,0.0,0.765609423849854,1.9632306581328511,0.0017456594284075916
91,"(0.25, 0.5]",50.0,0.6410256410256411,1.0,0.0,0.7092269830408421,1.9596773222837998,0.0018866023548498884
92,"(0.25, 0.5]",51.0,0.7268041237113402,1.0051546391752577,0.0,0.6531897144523399,1.954039791299767,0.00200740325606328
93,"(0.25, 0.5]",52.0,0.7189189189189189,1.054054054054054,0.0,0.5983680726283858,1.9466668131365792,0.0021181522345813794
94,"(0.25, 0.5]",53.0,0.6910994764397905,1.073298429319372,0.005235602094240838,0.545458869607438,1.938071485528544,0.0022619489269169618
95,"(0.25, 0.5]",54.0,0.4823529411764706,1.0294117647058822,0.0,0.49483079787654316,1.9283664275906436,0.0025156628685478
96,"(0.25, 0.5]",55.0,0.4044943820224719,0.853932584269663,0.005617977528089888,0.44631499936871716,1.9172705577198519,0.00585383170613241
97,"(0.25, 0.5]",56.0,0.32804232804232797,0.8624338624338623,0.005291005291005291,0.3995430348866036,1.903868826571966,0.02567567367163506
98,"(0.25, 0.5]",57.0,0.3663366336633663,0.9306930693069304,0.0049504950495049506,0.3545781479912883,1.88727235715547,0.05520957271253893
99,"(0.25, 0.5]",58.0,0.2437810945273632,0.9054726368159205,0.0,0.31186176162069784,1.8671189788687044,0.07791031645927199
100,"(0.25, 0.5]",59.0,0.1691542288557214,0.8507462686567164,0.0,0.2715493147824041,1.8431695262461667,0.09553422673880216
101,"(0.25, 0.5]",60.0,0.18932038834951456,0.854368932038835,0.009708737864077669,0.23395081511248866,1.8152649216507943,0.11138375481087859
102,"(0.25, 0.5]",61.0,0.11842105263157895,0.8201754385964912,0.017543859649122806,0.19985915348538694,1.7840311011183339,0.12697026108590181
103,"(0.25, 0.5]",62.0,0.1111111111111111,0.7777777777777777,0.026455026455026454,0.16995862091221525,1.7507756115854114,0.14291781341596696
104,"(0.25, 0.5]",63.0,0.09375,0.8229166666666667,0.05729166666666665,0.1445950571704246,1.7163680559159635,0.15948535357197063
105,"(0.25, 0.5]",64.0,0.10285714285714287,0.7257142857142858,0.08571428571428573,0.12335816931157194,1.681072201256929,0.17679173420329397
106,"(0.25, 0.5]",65.0,0.07051282051282051,0.7435897435897436,0.14743589743589736,0.10560104212905211,0.644692786354273,1.1951074459934998
107,"(0.25, 0.5]",66.0,0.03968253968253968,0.5793650793650794,0.2142857142857142,0.09089051385438789,0.6069417787184308,1.214930892640365
108,"(0.25, 0.5]",67.0,0.06315789473684211,0.5578947368421052,0.23157894736842088,0.078880683368464,0.5677962146393328,1.2293222924620313
109,"(0.25, 0.5]",68.0,0.15,0.4375,0.36250000000000004,0.06943750931793334,0.5274557575974443,1.2423564336362303
110,"(0.25, 0.5]",69.0,0.03658536585365853,0.4024390243902439,0.3658536585365857,0.06216520800619994,0.4860963026735914,1.2553696713930984
111,"(0.25, 0.5]",70.0,0.028985507246376805,0.4492753623188406,0.3478260869565215,0.05746326198663523,0.44448756041476095,1.2683614414586737
112,"(0.25, 0.5]",71.0,0.016129032258064516,0.4354838709677419,0.37096774193548376,0.05271014861372629,0.4030965546226309,1.2813578829925212
113,"(0.25, 0.5]",72.0,0.05,0.4666666666666667,0.4333333333333331,0.04792031135728376,0.3619433289214171,1.2943532838459113
114,"(0.25, 0.5]",73.0,0.08163265306122447,0.30612244897959184,0.4285714285714286,0.043156116304559046,0.32098915362396924,1.3073457104901323
115,"(0.25, 0.5]",74.0,0.030303030303030307,0.18181818181818185,0.39393939393939403,0.03844852844309522,0.28017204543124535,1.3203343932382694
116,"(0.25, 0.5]",75.0,0.0,0.2413793103448276,0.4482758620689655,0.03380123719863416,0.2394565909115756,1.3333190430830035
117,"(0.25, 0.5]",76.0,0.038461538461538464,0.19230769230769232,0.3461538461538465,0.02921708087363881,0.19884224143743484,1.3462996294037686
118,"(0.25, 0.5]",77.0,0.0,0.20833333333333331,0.5,0.02470610162405472,0.15833438754502127,1.3592764011972753
119,"(0.25, 0.5]",78.0,0.1111111111111111,0.3888888888888889,0.16666666666666674,0.020275724985441567,0.11793423068330397,1.3722500673408033
120,"(0.25, 0.5]",79.0,0.0,0.0,0.33333333333333326,0.015930782990503767,0.07761635020636459,1.3852212735910006
121,"(0.25, 0.5]",80.0,0.0,0.2,0.19999999999999996,0.011649570241137767,0.03736078841581114,1.3981905067814142
122,"(0.5, 0.7]",20.0,0.3259911894273128,0.4449339207048455,0.0,0.3050513352801467,1.4369931293057225,6.686530495449847e-05
123,"(0.5, 0.7]",21.0,0.4380403458213257,0.4610951008645534,0.0,0.38016716186537775,1.4630329039107008,7.382249333746539e-05
124,"(0.5, 0.7]",22.0,0.4822222222222222,0.5,0.0,0.45547500970836674,1.4889569489868926,7.962733725424286e-05
125,"(0.5, 0.7]",23.0,0.5361781076066789,0.4545454545454546,0.0,0.5309023379262581,1.5147348052393896,8.421933826850427e-05
126,"(0.5, 0.7]",24.0,0.5703592814371258,0.4970059880239519,0.0,0.6063381194385387,1.5403337199300204,8.760132986402358e-05
127,"(0.5, 0.7]",25.0,0.6255380200860832,0.5609756097560976,0.0,0.6816459564000239,1.5657411369036112,8.985855943257324e-05
128,"(0.5, 0.7]",26.0,0.6797752808988764,0.5983146067415732,0.0,0.7566829359067955,1.5909710713920742,9.118446501696906e-05
129,"(0.5, 0.7]",27.0,0.770893371757925,0.6469740634005765,0.0,0.8313188722324539,1.616059638452221,9.192550638397842e-05
130,"(0.5, 0.7]",28.0,0.8455657492354741,0.665137614678899,0.001529051987767584,0.9054684082470352,1.6410678591274905,9.267546155844377e-05
131,"(0.5, 0.7]",29.0,0.9954614220877458,0.6868381240544632,0.0,0.9791468886908916,1.6660902261776154,9.428304174330897e-05
132,"(0.5, 0.7]",30.0,1.1359375,0.721875,0.0,1.0525570816319534,1.6912801024622541,9.719417901981623e-05
133,"(0.5, 0.7]",31.0,1.1868686868686869,0.7373737373737377,0.0,1.1259694054940148,1.7167965851487237,0.00010069914593406714
134,"(0.5, 0.7]",32.0,1.2959866220735785,0.7357859531772577,0.0,1.1767987736341199,1.7406342964698727,9.433479182522031e-05
135,"(0.5, 0.7]",33.0,1.3580470162748643,0.7830018083182642,0.0,1.210490819960824,1.7641550638003076,8.437708752622209e-05
136,"(0.5, 0.7]",34.0,1.346086956521739,0.7826086956521738,0.0,1.2315092797620424,1.7872801921952468,7.313505274253993e-05
137,"(0.5, 0.7]",35.0,1.465483234714004,0.8047337278106508,0.0,1.245748506982471,1.8099540033525319,6.880199152792486e-05
138,"(0.5, 0.7]",36.0,1.50499001996008,0.8143712574850299,0.0,1.256120011325138,1.83232210240753,7.663516104173945e-05
139,"(0.5, 0.7]",37.0,1.5979166666666669,0.8416666666666663,0.0,1.2629806815704878,1.8546048895913176,0.00010568007593902265
140,"(0.5, 0.7]",38.0,1.5107758620689655,0.859913793103448,0.0,1.265522585302414,1.8768531842998493,0.00016250839252871495
141,"(0.5, 0.7]",39.0,1.5057736720554271,0.8799076212471131,0.0,1.26316238768856,1.8990490146252288,0.00024478035268399084
142,"(0.5, 0.7]",40.0,1.419431279620853,0.9265402843601891,0.0,1.2555804121221141,1.921079087566821,0.00035102856009501017
143,"(0.5, 0.7]",41.0,1.435323383084577,0.9328358208955223,0.0,1.2419364175827323,1.9427995119553234,0.0004762124263170745
144,"(0.5, 0.7]",42.0,1.3145780051150897,0.9795396419437339,0.0,1.2202168712729748,1.9640929796727566,0.0006097394213124147
145,"(0.5, 0.7]",43.0,1.2204301075268815,1.0376344086021505,0.0,1.1863935861344286,1.984423991046465,0.0007445602366910277
146,"(0.5, 0.7]",44.0,1.1458885941644563,1.013262599469496,0.0,1.1376440853544472,2.0028387917948445,0.0008883861031289091
147,"(0.5, 0.7]",45.0,1.0532212885154062,1.0364145658263304,0.0028011204481792717,1.0747830842988009,2.018638333727818,0.001047820267751456
148,"(0.5, 0.7]",46.0,1.0112994350282485,1.064971751412429,0.0,1.0028359321984186,2.031669382630293,0.0012266535245566035
149,"(0.5, 0.7]",47.0,0.9694444444444444,1.15,0.0027777777777777783,0.927759008413343,2.0418920986207985,0.0014253487532637599
150,"(0.5, 0.7]",48.0,0.8467741935483871,1.0618279569892475,0.0026881720430107533,0.8525704143067362,2.0491359592182086,0.0016426547539353403
151,"(0.5, 0.7]",49.0,0.7921348314606742,1.1123595505617976,0.0,0.7786118148124872,2.0534654284994924,0.001872979514128929
152,"(0.5, 0.7]",50.0,0.7911764705882353,1.1147058823529412,0.0029411764705882357,0.7068679142186777,2.054792152451453,0.0021063333156532017
153,"(0.5, 0.7]",51.0,0.5700934579439252,1.1059190031152646,0.003115264797507788,0.6381304072641192,2.053169951184622,0.0023325667059225343
154,"(0.5, 0.7]",52.0,0.5391566265060241,1.1506024096385543,0.0,0.572828238892004,2.0484000050748277,0.002542749350172759
155,"(0.5, 0.7]",53.0,0.4263322884012539,1.0877742946708464,0.0,0.5113361777305917,2.04041441089712,0.002736753791883742
156,"(0.5, 0.7]",54.0,0.3493975903614458,1.02710843373494,0.006024096385542169,0.4538798173645632,2.0291782189132466,0.0029440248326942065
157,"(0.5, 0.7]",55.0,0.26936026936026936,1.0370370370370368,0.0,0.40050771574916233,2.014118159624513,0.003238106803875755
158,"(0.5, 0.7]",56.0,0.32673267326732675,1.046204620462046,0.0033003300330033004,0.35128632443417335,1.9946673144802014,0.01286566022785108
159,"(0.5, 0.7]",57.0,0.18571428571428567,1.0142857142857142,0.010714285714285714,0.30658254653181255,1.9707910110447207,0.054444447781459474
160,"(0.5, 0.7]",58.0,0.2043010752688172,0.924731182795699,0.010752688172043013,0.2668164399813569,1.9429454424083783,0.0925308308134623
161,"(0.5, 0.7]",59.0,0.12307692307692307,0.9807692307692308,0.01153846153846154,0.2321381584880294,1.9118023934776658,0.11709612074509233
162,"(0.5, 0.7]",60.0,0.16015625,0.890625,0.01953125,0.20278940777899632,1.877543116806058,0.13622791182121047
163,"(0.5, 0.7]",61.0,0.1322314049586777,0.921487603305785,0.012396694214876032,0.17884225672895232,1.8405019558200602,0.1538748727733441
164,"(0.5, 0.7]",62.0,0.10679611650485436,0.8300970873786409,0.033980582524271837,0.15959431457596973,1.8010530303327832,0.17157635517586853
165,"(0.5, 0.7]",63.0,0.143646408839779,0.8176795580110496,0.044198895027624314,0.14395922203510214,1.7594182870845636,0.1899792667492422
166,"(0.5, 0.7]",64.0,0.15286624203821655,0.8025477707006372,0.044585987261146494,0.13096514244526922,1.7162381299798897,0.20905108868473218
167,"(0.5, 0.7]",65.0,0.1076923076923077,0.6615384615384615,0.1384615384615384,0.11969403847842126,0.6728289597195473,1.2278641432985393
168,"(0.5, 0.7]",66.0,0.08256880733944955,0.6513761467889908,0.1834862385321101,0.10948944475089867,0.6307332411535505,1.236585365853671
169,"(0.5, 0.7]",67.0,0.13414634146341464,0.5365853658536586,0.2682926829268293,0.10000472397156535,0.5902927593948177,1.2682926829268286
170,"(0.5, 0.7]",68.0,0.125,0.5125,0.30000000000000004,0.09102205807523499,0.5503956509125458,1.3
171,"(0.5, 0.7]",69.0,0.017543859649122806,0.3859649122807017,0.38596491228070184,0.08219173256040217,0.5103938297766262,1.3068867684077097
172,"(0.5, 0.7]",70.0,0.14583333333333334,0.3541666666666667,0.35416666666666674,0.07291906938723546,0.4737083407750616,1.323249699741116
173,"(0.5, 0.7]",71.0,0.13636363636363635,0.3636363636363637,0.4318181818181821,0.06396874799366817,0.43657177408746095,1.3408742885160145
174,"(0.5, 0.7]",72.0,0.0,0.2727272727272727,0.4772727272727273,0.05507680461036721,0.3994010518200432,1.3585591394658885
175,"(0.5, 0.7]",73.0,0.025,0.275,0.6000000000000001,0.04611891828673747,0.3624081304161708,1.3762543677375785
176,"(0.5, 0.7]",74.0,0.0,0.3181818181818182,0.40909090909090917,0.03706287974632808,0.3257199436027238,1.3939508424301705
177,"(0.5, 0.7]",75.0,0.047619047619047616,0.2857142857142857,0.5714285714285714,0.027915087332850242,0.28943772016075503,1.411645934445091
178,"(0.5, 0.7]",76.0,0.0,0.2777777777777778,0.5,0.018698960978894803,0.2536402129972909,1.4293387447736334
179,"(0.5, 0.7]",77.0,0.0,0.2857142857142857,0.5714285714285714,0.009435296197526748,0.21838135110167256,1.4470289744288236
180,"(0.5, 0.7]",78.0,0.0,0.38461538461538464,0.3076923076923077,0.00014916524706154455,0.183668418200372,1.4647165710637993
181,"(0.5, 0.7]",79.0,0.0,0.3333333333333333,0.33333333333333326,-0.009132638154134657,0.14945046398726344,1.4824015981117753
182,"(0.5, 0.7]",80.0,0.0,0.5,0.5,-0.01838724664472654,0.11567163502679487,1.5000841796430278
183,"(0.7, 0.8]",20.0,0.312,0.4480000000000002,0.0,0.24626405303134793,1.4618317921749537,0.0
184,"(0.7, 0.8]",21.0,0.4032258064516129,0.4946236559139785,0.0,0.32823567577401347,1.484991731681623,0.0
185,"(0.7, 0.8]",22.0,0.42366412213740456,0.49236641221374056,0.0,0.41068949465841686,1.5081007817499112,0.0
186,"(0.7, 0.8]",23.0,0.4893048128342246,0.5240641711229947,0.0,0.4935729753667278,1.531158606083458,0.0
187,"(0.7, 0.8]",24.0,0.5552884615384616,0.5745192307692308,0.0,0.5768120668059356,1.5541714703465268,0.0
188,"(0.7, 0.8]",25.0,0.5846456692913385,0.5885826771653544,0.0,0.6603326831951244,1.5771501582324576,0.0
189,"(0.7, 0.8]",26.0,0.6666666666666666,0.5828460038986354,0.0019493177387914231,0.7440884652857526,1.6000999934935913,0.0
190,"(0.7, 0.8]",27.0,0.7330677290836654,0.6294820717131475,0.0,0.8281173685955923,1.6230220088818865,0.0
191,"(0.7, 0.8]",28.0,0.8584558823529411,0.6433823529411764,0.0,0.9126391538682567,1.6459221530231904,0.0
192,"(0.7, 0.8]",29.0,1.025242718446602,0.6873786407766989,0.0,0.9982741346975615,1.6688074556704726,0.0
193,"(0.7, 0.8]",30.0,1.0893203883495146,0.6951456310679611,0.0,1.086500856312126,1.6916789546769873,0.0
194,"(0.7, 0.8]",31.0,1.1590457256461233,0.7216699801192843,0.0,1.180125842688604,1.7144697042378063,0.0
195,"(0.7, 0.8]",32.0,1.3108695652173914,0.7478260869565216,0.0,1.2704837767129555,1.7374753335009052,0.0
196,"(0.7, 0.8]",33.0,1.4159482758620692,0.75,0.0,1.3260663710887703,1.7611871734706046,0.0
197,"(0.7, 0.8]",34.0,1.45413870246085,0.7762863534675617,0.0,1.3164707537545324,1.7858168027455816,0.0
198,"(0.7, 0.8]",35.0,1.5328947368421053,0.7916666666666667,0.0,1.281507745502924,1.8115246076032703,0.0
199,"(0.7, 0.8]",36.0,1.5680751173708918,0.8098591549295773,0.0,1.2595274800701417,1.8383619609655981,0.0
200,"(0.7, 0.8]",37.0,1.6009732360097324,0.8613138686131387,0.0,1.250224103015232,1.866225657725464,0.0
201,"(0.7, 0.8]",38.0,1.6570743405275778,0.8681055155875301,0.0,1.245563126952608,1.8948372418461423,0.0
202,"(0.7, 0.8]",39.0,1.6612903225806452,0.8817204301075268,0.0,1.2409787353806832,1.9237162546864917,0.0
203,"(0.7, 0.8]",40.0,1.6106666666666667,0.9333333333333331,0.0,1.235627010040361,1.9522530674705312,0.0
204,"(0.7, 0.8]",41.0,1.5444444444444445,0.95,0.0,1.2315631954522828,1.9797770244598971,0.0
205,"(0.7, 0.8]",42.0,1.5040871934604905,1.0408719346049047,0.0,1.2310527029245806,2.0057465158606025,0.0
206,"(0.7, 0.8]",43.0,1.3615160349854227,1.0962099125364437,0.0,1.2287000712279388,2.0299226505583663,0.0
207,"(0.7, 0.8]",44.0,1.2184615384615385,1.086153846153846,0.0,1.2024359997896426,2.052482276226555,0.0
208,"(0.7, 0.8]",45.0,1.1287425149700598,1.1556886227544911,0.0,1.1400334381171031,2.0736915171583146,0.0
209,"(0.7, 0.8]",46.0,1.0537974683544304,1.1613924050632911,0.0,1.0600375755587728,2.093103531010088,0.0
210,"(0.7, 0.8]",47.0,0.9782608695652174,1.1987577639751552,0.0,0.9792444134202588,2.109929986700954,0.0
211,"(0.7, 0.8]",48.0,0.9046153846153846,1.1630769230769231,0.0,0.9015366494656099,2.1234905483169553,0.0
212,"(0.7, 0.8]",49.0,0.7789115646258503,1.1666666666666665,0.0,0.8269170786043573,2.133312492878815,0.0
213,"(0.7, 0.8]",50.0,0.710801393728223,1.1881533101045294,0.0,0.7550977577303509,2.1387847116232646,0.0
214,"(0.7, 0.8]",51.0,0.6142857142857143,1.157142857142857,0.0,0.6860024675481612,2.1394594456215796,0.0
215,"(0.7, 0.8]",52.0,0.5527272727272727,1.1527272727272733,0.0,0.6197277935808175,2.1352299558485397,0.0
216,"(0.7, 0.8]",53.0,0.5019607843137255,1.1372549019607843,0.0,0.5564504913048594,2.126545484485353,0.0
217,"(0.7, 0.8]",54.0,0.5260869565217391,1.1565217391304348,0.0,0.4964221021409517,2.1139441126375136,0.0
218,"(0.7, 0.8]",55.0,0.4,1.2232558139534886,0.0,0.4402750901942473,2.0977355742776966,0.0
219,"(0.7, 0.8]",56.0,0.334841628959276,1.126696832579185,0.00904977375565611,0.3885999910274033,2.078199395904554,0.0
220,"(0.7, 0.8]",57.0,0.2981651376146789,1.096330275229358,0.01834862385321101,0.34158473251242316,2.0560545262931997,0.0
221,"(0.7, 0.8]",58.0,0.2590673575129533,1.0725388601036268,0.010362694300518135,0.29904271735416355,2.031830508556378,0.0
222,"(0.7, 0.8]",59.0,0.1851851851851852,1.074074074074074,0.042328042328042326,0.2608133743908336,2.0055379519396546,0.0
223,"(0.7, 0.8]",60.0,0.18562874251497005,0.9940119760479045,0.041916167664670656,0.22681578256858329,1.9770553542162586,0.0
224,"(0.7, 0.8]",61.0,0.14388489208633093,0.9568345323741008,0.07913669064748201,0.19693293062110737,1.9461101676808419,0.0
225,"(0.7, 0.8]",62.0,0.12686567164179105,0.9029850746268655,0.08208955223880597,0.17088630017855902,1.9119055111072445,0.0
226,"(0.7, 0.8]",63.0,0.10476190476190476,0.9333333333333331,0.10476190476190476,0.14819311411579073,1.8737715599797293,0.0
227,"(0.7, 0.8]",64.0,0.047619047619047616,0.8571428571428568,0.13095238095238096,0.12857255151650337,1.8321736444480219,0.0
228,"(0.7, 0.8]",65.0,0.09090909090909093,0.7662337662337663,0.22077922077922074,0.11217503644601165,0.7882687772897922,1.0
229,"(0.7, 0.8]",66.0,0.1320754716981132,0.6792452830188679,0.26415094339622636,0.0991111226693643,0.743107707269063,1.2641509433962264
230,"(0.7, 0.8]",67.0,0.061224489795918366,0.7551020408163265,0.3877551020408163,0.08889707146470394,0.6970587679818941,1.3877551020408163
231,"(0.7, 0.8]",68.0,0.0,0.7777777777777778,0.36111111111111116,0.08080527460781703,0.6504001302572612,1.3611111111111112
232,"(0.7, 0.8]",69.0,0.05263157894736842,0.631578947368421,0.5263157894736843,0.0740851508673844,0.6032965532378483,1.5263157894736843
233,"(0.7, 0.8]",70.0,0.11428571428571427,0.7714285714285715,0.4285714285714286,0.0687173564589614,0.553901124821061,1.4285714285714286
234,"(0.7, 0.8]",71.0,0.12,0.64,0.52,0.0630058292585255,0.5040133678244922,1.52
235,"(0.7, 0.8]",72.0,0.043478260869565216,0.39130434782608703,0.5652173913043481,0.05728425305958075,0.4539551455846586,1.5652173913043481
236,"(0.7, 0.8]",73.0,0.0,0.38461538461538464,0.6153846153846154,0.051608251245251896,0.40377020234115185,1.6153846153846154
237,"(0.7, 0.8]",74.0,0.0,0.21428571428571427,0.7142857142857142,0.04598802364629184,0.3534910248756682,1.7142857142857142
238,"(0.7, 0.8]",75.0,0.15384615384615385,0.38461538461538464,0.7692307692307692,0.0404391973528603,0.3031511588344435,1.7692307692307692
239,"(0.7, 0.8]",76.0,0.2,0.3,0.7,0.03497259923365006,0.2527709466033979,1.7
240,"(0.7, 0.8]",77.0,0.0,0.16666666666666666,0.8333333333333333,0.029556753443826696,0.20233246677804928,1.8333333333333333
241,"(0.7, 0.8]",78.0,0.0,0.16666666666666666,0.8333333333333333,0.024131490561143103,0.151797418976526,1.8333333333333333
242,"(0.7, 0.8]",79.0,0.0,0.3333333333333333,0.8333333333333333,0.018652604459254804,0.10114276243939582,1.8333333333333333
243,"(0.7, 0.8]",80.0,0.0,0.0,1.0,0.013097108893342492,0.05034411320170073,2.0
244,"(0.8, 0.9]",20.0,0.3109243697478992,0.4957983193277309,0.0,0.2653820959148157,1.563423240012637,0.0
245,"(0.8, 0.9]",21.0,0.4142857142857143,0.5857142857142856,0.0,0.3599156751602436,1.5830047860487437,0.0
246,"(0.8, 0.9]",22.0,0.466887417218543,0.5860927152317881,0.0,0.45473648956590396,1.6024550970346394,0.0
247,"(0.8, 0.9]",23.0,0.5096618357487923,0.6545893719806763,0.0,0.5497762459892138,1.6218071335792255,0.0
248,"(0.8, 0.9]",24.0,0.6293436293436293,0.6525096525096523,0.0,0.6449494318273329,1.6411028174354518,0.0
249,"(0.8, 0.9]",25.0,0.6910016977928692,0.6926994906621391,0.0,0.7401836587833778,1.6603776920781206,0.0
250,"(0.8, 0.9]",26.0,0.7693474962063733,0.6752655538694992,0.0,0.8354327058113964,1.679659290031967,0.0
251,"(0.8, 0.9]",27.0,0.8799414348462665,0.7130307467057102,0.0,0.9307197407915658,1.698959762920035,0.0
252,"(0.8, 0.9]",28.0,1.0103092783505154,0.7363770250368189,0.0,1.0262251900334443,1.7182775316500511,0.0
253,"(0.8, 0.9]",29.0,1.1673582295988936,0.7468879668049793,0.0,1.122452469249601,1.7375780070382376,0.0
254,"(0.8, 0.9]",30.0,1.2205056179775282,0.7570224719101124,0.0,1.2204515465601067,1.7567363577168846,0.0
255,"(0.8, 0.9]",31.0,1.3625,0.7708333333333333,0.0,1.3211295442493203,1.7753606122164238,0.0
256,"(0.8, 0.9]",32.0,1.4789550072568942,0.7851959361393324,0.0,1.375110626182786,1.7952001124655865,0.0
257,"(0.8, 0.9]",33.0,1.5142857142857142,0.7957142857142858,0.0,1.373186518589497,1.81637917944978,0.0
258,"(0.8, 0.9]",34.0,1.6652236652236652,0.8109668109668111,0.0,1.3570064418115848,1.8391361122442298,0.0
259,"(0.8, 0.9]",35.0,1.700763358778626,0.8549618320610688,0.0,1.3531246689113092,1.8635683996694432,0.0
260,"(0.8, 0.9]",36.0,1.7586206896551724,0.8365817091454275,0.0,1.3571278029232685,1.889645306150368,0.0
261,"(0.8, 0.9]",37.0,1.744,0.8719999999999999,0.0,1.3620145530293195,1.9172481991340757,0.0
262,"(0.8, 0.9]",38.0,1.7573872472783827,0.8942457231726284,0.0,1.3655041692639485,1.9461406066220237,0.0
263,"(0.8, 0.9]",39.0,1.71169686985173,0.9472817133443163,0.0,1.3701256271805409,1.976129577019978,0.0
264,"(0.8, 0.9]",40.0,1.711290322580645,0.9951612903225808,0.0,1.383115199191481,2.0070535732860293,0.0
265,"(0.8, 0.9]",41.0,1.5719178082191783,1.041095890410959,0.0,1.4125407074904945,2.0386301001727416,0.0
266,"(0.8, 0.9]",42.0,1.5942275042444822,1.0933786078098477,0.0,1.4423348846001909,2.0701987328239806,4.323282143591672e-06
267,"(0.8, 0.9]",43.0,1.4171029668411868,1.1326352530541013,0.0,1.4224013234826447,2.1008243802708524,2.901880828834386e-05
268,"(0.8, 0.9]",44.0,1.4208566108007448,1.1489757914338918,0.0,1.3448179182205837,2.1294813625561,8.580159324272316e-05
269,"(0.8, 0.9]",45.0,1.3062730627306274,1.190036900369004,0.0,1.2453111480382102,2.1554366623735097,0.0001772409790836691
270,"(0.8, 0.9]",46.0,1.1299212598425197,1.2578740157480315,0.0,1.1445507920779459,2.1779012564999514,0.0002977615571153822
271,"(0.8, 0.9]",47.0,1.0183673469387755,1.2448979591836733,0.0,1.0458362145147841,2.1963767592147527,0.00044327831561291045
272,"(0.8, 0.9]",48.0,0.9150743099787686,1.246284501061571,0.0,0.9496506992165625,2.2104883833864326,0.0006135384372772058
273,"(0.8, 0.9]",49.0,0.8385093167701864,1.283643892339545,0.0,0.856716229507223,2.2202043022716023,0.0008111243746976973
274,"(0.8, 0.9]",50.0,0.672686230248307,1.3205417607223482,0.0,0.7679092526659694,2.2255432198496896,0.0010408944792113504
275,"(0.8, 0.9]",51.0,0.6710816777041942,1.3245033112582782,0.0,0.6837352614482213,2.226761029926227,0.0013103509557781858
276,"(0.8, 0.9]",52.0,0.5320197044334976,1.2709359605911335,0.0,0.6043793615438509,2.2241084694383253,0.0016307922236980343
277,"(0.8, 0.9]",53.0,0.457920792079208,1.2747524752475248,0.0049504950495049506,0.5300380835909343,2.2177616323571794,0.002019300095875567
278,"(0.8, 0.9]",54.0,0.3756756756756757,1.2351351351351347,0.0027027027027027033,0.46095253596497493,2.2075272496224176,0.0024984132992523643
279,"(0.8, 0.9]",55.0,0.2972972972972973,1.272972972972973,0.0027027027027027033,0.39749063646341454,2.193024642279826,0.0030829986041229383
280,"(0.8, 0.9]",56.0,0.2611275964391692,1.172106824925816,0.008902077151335312,0.3398654405654485,2.1734660330721933,0.0037730693269810087
281,"(0.8, 0.9]",57.0,0.1891025641025641,1.1955128205128207,0.00641025641025641,0.28793635439342313,2.147979556352321,0.0045451860314025235
282,"(0.8, 0.9]",58.0,0.15172413793103448,1.113793103448276,0.010344827586206895,0.24155605893003657,2.1164425942352394,0.005331640418939156
283,"(0.8, 0.9]",59.0,0.13523131672597866,1.1245551601423487,0.021352313167259787,0.20065048033855667,2.079712667506371,0.005982285854232637
284,"(0.8, 0.9]",60.0,0.13095238095238096,1.0396825396825395,0.023809523809523808,0.1652418911299756,2.0383860407099874,0.006204569544133573
285,"(0.8, 0.9]",61.0,0.0782608695652174,1.0652173913043481,0.0391304347826087,0.13525229199047417,1.9933159409348975,0.0054955602812779576
286,"(0.8, 0.9]",62.0,0.05612244897959184,1.020408163265306,0.051020408163265314,0.11044104569319729,1.945080319281944,0.0031959742311269143
287,"(0.8, 0.9]",63.0,0.06211180124223601,1.037267080745341,0.043478260869565216,0.09057280022538262,1.8933702046868823,-0.000687554446910453
288,"(0.8, 0.9]",64.0,0.04424778761061947,0.9292035398230087,0.08849557522123894,0.07480738678924893,1.8378811693741182,-0.0019554745482489276
289,"(0.8, 0.9]",65.0,0.03883495145631068,0.8932038834951457,0.17475728155339798,0.06226246639706005,0.7792872625018493,1.0027027027027042
290,"(0.8, 0.9]",66.0,0.07792207792207792,0.7532467532467533,0.19480519480519476,0.05215103810993702,0.7188844419748041,1.1948051948051948
291,"(0.8, 0.9]",67.0,0.015384615384615384,0.6307692307692307,0.3538461538461539,0.04386019390544283,0.658384377664229,1.353846153846154
292,"(0.8, 0.9]",68.0,0.02325581395348837,0.5813953488372093,0.39534883720930236,0.03694405974276939,0.5982975524878719,1.3953488372093024
293,"(0.8, 0.9]",69.0,0.0,0.2558139534883721,0.6511627906976745,0.031061295369667823,0.5386443583455736,1.6511627906976745
294,"(0.8, 0.9]",70.0,0.03571428571428571,0.3928571428571429,0.6428571428571428,0.026933375206243008,0.48164462491111587,1.6428571428571428
295,"(0.8, 0.9]",71.0,0.03333333333333333,0.26666666666666666,0.7,0.02302564251826646,0.4234228801668013,1.7
296,"(0.8, 0.9]",72.0,0.047619047619047616,0.14285714285714285,0.7619047619047621,0.019236299075017744,0.36452176180401075,1.761904761904762
297,"(0.8, 0.9]",73.0,0.0,0.17647058823529413,0.5882352941176472,0.01552679298836101,0.3053786857509585,1.5882352941176472
298,"(0.8, 0.9]",74.0,0.0,0.09090909090909093,0.8181818181818179,0.011867519559916766,0.24624009398652547,1.818181818181818
299,"(0.8, 0.9]",75.0,0.0,0.25,0.5833333333333333,0.008244273193473903,0.18728303487487588,1.5833333333333333
300,"(0.8, 0.9]",76.0,0.0,0.0,0.75,0.004653445370142969,0.12863344727074258,1.75
301,"(0.8, 0.9]",77.0,0.0,0.1111111111111111,0.5555555555555556,0.0010969302186184524,0.07034954156015556,1.5555555555555556
302,"(0.8, 0.9]",78.0,0.0,0.25,0.5,-0.0024208777919400948,0.012483178011549675,1.5
303,"(0.8, 0.9]",79.0,0.0,0.0,0.8,-0.005895330181862141,-0.044952944382513384,1.8
304,"(0.8, 0.9]",80.0,0.0,0.5,0.0,-0.00932349867235702,-0.1019700250146581,1.0
305,"(0.9, 0.99]",20.0,0.2824427480916031,0.6183206106870232,0.0,0.2286031948191187,1.6423226861729006,0.00010384040600411047
306,"(0.9, 0.99]",21.0,0.4369369369369369,0.6711711711711712,0.0,0.3312075364860243,1.6564537604756513,0.00011184381508848894
307,"(0.9, 0.99]",22.0,0.4294670846394985,0.6520376175548592,0.0,0.4341703028891286,1.6705192793645849,0.00011859438262058994
308,"(0.9, 0.99]",23.0,0.4851694915254237,0.6864406779661016,0.0,0.5374196487403368,1.684527467704004,0.00012407799478951256
309,"(0.9, 0.99]",24.0,0.6097122302158273,0.6996402877697845,0.0,0.6408783429094055,1.698495385277242,0.00012837120289047824
310,"(0.9, 0.99]",25.0,0.7021276595744681,0.7127659574468086,0.0,0.7445023833747938,1.7124457865218532,0.00013166214017010686
311,"(0.9, 0.99]",26.0,0.8090040927694406,0.7407912687585263,0.001364256480218281,0.8483020194118901,1.7264062604339196,0.00013428385049855083
312,"(0.9, 0.99]",27.0,0.8994082840236687,0.7526627218934911,0.0,0.952391153902318,1.74040932508783,0.00013665647333707917
313,"(0.9, 0.99]",28.0,1.0636792452830188,0.7865566037735849,0.0,1.0570925134877056,1.7544874213045305,0.00013889415356804104
314,"(0.9, 0.99]",29.0,1.1387665198237886,0.7742290748898681,0.0,1.163162879978945,1.7686651396253503,0.00014102991671664997
315,"(0.9, 0.99]",30.0,1.2793650793650793,0.7820105820105818,0.0,1.272191320685817,1.7829274450799137,0.00014301217322146121
316,"(0.9, 0.99]",31.0,1.4018595041322317,0.7913223140495869,0.0010330578512396695,1.386545375488913,1.7971433019941392,0.00014342132131574267
317,"(0.9, 0.99]",32.0,1.5278058645096058,0.7977755308392316,0.0,1.4802066633889759,1.813786003945857,0.0001318050528748582
318,"(0.9, 0.99]",33.0,1.6018614270941054,0.815925542916236,0.0,1.4962215363675726,1.8323021341279193,0.00011694074041366517
319,"(0.9, 0.99]",34.0,1.7074898785425099,0.8208502024291495,0.0,1.4459275390069681,1.8529944522444581,9.950010799460811e-05
320,"(0.9, 0.99]",35.0,1.7740585774058577,0.8221757322175729,0.0,1.4051679814772329,1.8761121913134104,8.098209850451781e-05
321,"(0.9, 0.99]",36.0,1.8287461773700304,0.8532110091743117,0.0,1.3881066255513677,1.9017530153283562,6.340789449112185e-05
322,"(0.9, 0.99]",37.0,1.866948257655755,0.8648363252375924,0.0,1.3808827355176936,1.929974945411949,4.8529668125612895e-05
323,"(0.9, 0.99]",38.0,1.8337004405286343,0.8920704845814975,0.0,1.374845968359695,1.96079526221158,3.634972872503988e-05
324,"(0.9, 0.99]",39.0,1.8733624454148472,0.9639737991266373,0.0,1.3686277026415943,1.9939557287468754,2.6007709755700945e-05
325,"(0.9, 0.99]",40.0,1.8112773302646716,0.9942462600690449,0.0,1.3663048721723696,2.028796884019662,2.5668801491696646e-05
326,"(0.9, 0.99]",41.0,1.7340425531914894,1.0401891252955084,0.0,1.3775546589915462,2.0643459783143037,4.835546674133733e-05
327,"(0.9, 0.99]",42.0,1.5914489311163895,1.1021377672209027,0.0,1.4104477063960694,2.099632368369664,0.00010191156749190006
328,"(0.9, 0.99]",43.0,1.4811664641555289,1.1579586877278252,0.0,1.4266184972146085,2.133528008053573,0.0001858974389967863
329,"(0.9, 0.99]",44.0,1.4002557544757033,1.2212276214833762,0.0,1.3577794863154211,2.1650685787687034,0.00029230732109823123
330,"(0.9, 0.99]",45.0,1.235374149659864,1.2775510204081635,0.0,1.237813877084549,2.193456855421407,0.00041680695504411625
331,"(0.9, 0.99]",46.0,1.1305555555555555,1.270833333333333,0.0,1.1157648761211751,2.218219514489836,0.0005591250248679124
332,"(0.9, 0.99]",47.0,0.96301775147929,1.3846153846153846,0.0,1.0007292491231454,2.2389071005822005,0.0007212887933038853
333,"(0.9, 0.99]",48.0,0.875968992248062,1.3488372093023258,0.0,0.8941772002350811,2.255256035176589,0.0009071235051638224
334,"(0.9, 0.99]",49.0,0.7050243111831442,1.353322528363047,0.0,0.7967256721783148,2.267056763012075,0.0011224622385146504
335,"(0.9, 0.99]",50.0,0.5813148788927336,1.3425605536332186,0.0017301038062283738,0.7076202278625784,2.274042277877137,0.001375842511912491
336,"(0.9, 0.99]",51.0,0.4910394265232975,1.3297491039426523,0.003584229390681004,0.6252697793934271,2.2759648897624496,0.0016786804284353066
337,"(0.9, 0.99]",52.0,0.4169811320754717,1.358490566037736,0.0018867924528301887,0.5481705521835124,2.2727349634417733,0.002040861175463717
338,"(0.9, 0.99]",53.0,0.2965235173824131,1.2699386503067487,0.002044989775051125,0.4752665133587082,2.26421347006192,0.0024617475341840948
339,"(0.9, 0.99]",54.0,0.27213822894168466,1.2937365010799136,0.0,0.40635515846899517,2.250111983756322,0.002924478566923161
340,"(0.9, 0.99]",55.0,0.20145631067961164,1.2281553398058254,0.0024271844660194173,0.342121543433549,2.2304544088456923,0.0033886095276909143
341,"(0.9, 0.99]",56.0,0.18434343434343434,1.2651515151515151,0.002525252525252525,0.28347944585971707,2.205143965452968,0.0037748256353908284
342,"(0.9, 0.99]",57.0,0.111731843575419,1.1871508379888267,0.008379888268156423,0.23157003476979246,2.174094417316247,0.0039444485512877756
343,"(0.9, 0.99]",58.0,0.14156626506024098,1.180722891566265,0.006024096385542169,0.18781383701031767,2.1375146769180646,0.0036847200850467143
344,"(0.9, 0.99]",59.0,0.11186440677966103,1.145762711864407,0.013559322033898305,0.15328289459493893,2.096118491960465,0.002741506486473842
345,"(0.9, 0.99]",60.0,0.0989399293286219,1.0918727915194348,0.01413427561837456,0.12787589874031266,2.050008189774527,0.001032410490384726
346,"(0.9, 0.99]",61.0,0.06882591093117409,1.0566801619433202,0.03643724696356275,0.10987895173786495,1.9993674037503841,-0.0006602383828586758
347,"(0.9, 0.99]",62.0,0.0776255707762557,1.0684931506849318,0.0228310502283105,0.09726702209732115,1.9443880193904652,4.4991161499849386e-05
348,"(0.9, 0.99]",63.0,0.06417112299465241,1.0267379679144386,0.05882352941176471,0.08829833931182891,1.8850397134947965,0.0036269629972610143
349,"(0.9, 0.99]",64.0,0.0661764705882353,0.8676470588235292,0.125,0.08146514049424226,1.8216692713182785,0.125
350,"(0.9, 0.99]",65.0,0.045454545454545456,0.8636363636363636,0.1909090909090907,0.07555526610117425,0.7551869338999292,1.1909090909090907
351,"(0.9, 0.99]",66.0,0.047619047619047616,0.7023809523809523,0.33333333333333326,0.06989426469903454,0.688206649164752,1.3333333333333333
352,"(0.9, 0.99]",67.0,0.08450704225352113,0.6338028169014085,0.4084507042253518,0.06416448339342117,0.6237315869141392,1.4084507042253518
353,"(0.9, 0.99]",68.0,0.05555555555555555,0.462962962962963,0.5555555555555556,0.058417542086247755,0.56272727973439,1.5555555555555556
354,"(0.9, 0.99]",69.0,0.09090909090909093,0.2954545454545455,0.7727272727272727,0.05284582456136826,0.5046656620133538,1.7727272727272727
355,"(0.9, 0.99]",70.0,0.09090909090909093,0.30303030303030304,0.7272727272727273,0.046868513912449526,0.45828492777409213,1.7272727272727273
356,"(0.9, 0.99]",71.0,0.12903225806451613,0.1935483870967742,0.7741935483870968,0.04139789447981151,0.40970273205148183,1.7741935483870968
357,"(0.9, 0.99]",72.0,0.0,0.05263157894736842,0.7894736842105263,0.03606805377479478,0.3595077703379775,1.7894736842105263
358,"(0.9, 0.99]",73.0,0.4117647058823529,0.2352941176470588,0.8823529411764703,0.030684037129980225,0.3087266091573042,1.8823529411764703
359,"(0.9, 0.99]",74.0,0.0,0.07142857142857142,0.7142857142857142,0.025168795568504786,0.25791469770127806,1.7142857142857142
360,"(0.9, 0.99]",75.0,0.0,0.0,1.0,0.019495655317800606,0.20740391522905002,2.0
361,"(0.9, 0.99]",76.0,0.0,0.14285714285714285,0.7142857142857142,0.013667803954673093,0.15743485965359563,1.7142857142857142
362,"(0.9, 0.99]",77.0,0.0,0.16666666666666666,0.8333333333333333,0.007705222860441733,0.10819499832256321,1.8333333333333333
363,"(0.9, 0.99]",78.0,0.0,0.2,0.6000000000000001,0.0016358032721857868,0.059813824302018676,1.6
364,"(0.9, 0.99]",79.0,0.0,0.14285714285714285,0.8571428571428568,-0.004510531873694094,0.012344370630517881,1.8571428571428568
365,"(0.9, 0.99]",80.0,0.0,0.0,1.0,-0.010706509784578773,-0.03423730277283934,2.0
366,"(0.99, 1.0]",20.0,0.2857142857142857,0.5714285714285714,0.0,-0.056105359563584825,1.692899137116897,0.0
367,"(0.99, 1.0]",21.0,0.3125,0.625,0.0,0.07703359665424356,1.7121953956739109,0.0
368,"(0.99, 1.0]",22.0,0.1724137931034483,0.7241379310344829,0.0,0.21061800091040947,1.730994156695497,0.0
369,"(0.99, 1.0]",23.0,0.24074074074074076,0.7962962962962965,0.0,0.34441663512603615,1.7493668070540624,0.0
370,"(0.99, 1.0]",24.0,0.3548387096774194,0.7580645161290325,0.0,0.47818434430153933,1.767406364731041,0.0
371,"(0.99, 1.0]",25.0,0.5357142857142857,0.8928571428571428,0.0,0.6117300081138014,1.7852043844204184,0.0
372,"(0.99, 1.0]",26.0,0.7032967032967034,0.8571428571428568,0.0,0.7449489082913652,1.8028565686260918,0.0
373,"(0.99, 1.0]",27.0,0.8058252427184466,0.8640776699029129,0.0,0.8778468800477441,1.8204273773335728,0.0
374,"(0.99, 1.0]",28.0,1.0412371134020622,0.8865979381443296,0.0,1.0105889887537298,1.8379368823821893,0.0
375,"(0.99, 1.0]",29.0,1.1478260869565218,0.8782608695652172,0.0,1.1435858610422047,1.855329276074241,0.0
376,"(0.99, 1.0]",30.0,1.2975206611570247,0.8760330578512401,0.0,1.2774850824336335,1.8723320918438713,0.0
377,"(0.99, 1.0]",31.0,1.4426229508196722,0.8852459016393444,0.0,1.4127237335924419,1.8878358476191983,0.0
378,"(0.99, 1.0]",32.0,1.6183206106870232,0.8854961832061068,0.0,1.529111353692804,1.900101493105803,0.0
379,"(0.99, 1.0]",33.0,1.8292682926829267,0.9186991869918701,0.0,1.6260774798820248,1.9125695919582097,0.0
380,"(0.99, 1.0]",34.0,1.9259259259259256,0.9333333333333331,0.0,1.6979046972595455,1.9265622790497996,0.0
381,"(0.99, 1.0]",35.0,2.0,0.889763779527559,0.0,1.745152180204559,1.9429699258686268,0.0
382,"(0.99, 1.0]",36.0,2.0431654676258995,0.9064748201438848,0.0,1.7701114374007365,1.9622914218923908,0.0
383,"(0.99, 1.0]",37.0,2.1603053435114505,0.9541984732824429,0.0,1.7792930734406518,1.984927696939325,0.0
384,"(0.99, 1.0]",38.0,2.114754098360656,0.942622950819672,0.0,1.77853368502497,2.0108777641068354,0.0
385,"(0.99, 1.0]",39.0,2.15,0.9642857142857144,0.0,1.769969162295242,2.039846418089101,0.0
386,"(0.99, 1.0]",40.0,2.069767441860465,1.0077519379844957,0.0,1.754474436025618,2.071492432910328,0.0
387,"(0.99, 1.0]",41.0,2.1512605042016806,1.0504201680672267,0.0,1.7309964174241017,2.1055691236336394,0.0
388,"(0.99, 1.0]",42.0,1.9444444444444444,1.1111111111111107,0.0,1.6954565584192771,2.1419323071908867,0.0
389,"(0.99, 1.0]",43.0,1.9338842975206607,1.1322314049586777,0.0,1.641869467681178,2.180254498024383,0.0
390,"(0.99, 1.0]",44.0,1.743119266055046,1.3302752293577984,0.0,1.5666715810670655,2.2191964789523166,0.0
391,"(0.99, 1.0]",45.0,1.6923076923076923,1.2393162393162398,0.0,1.469702963372717,2.256501009381413,0.0
392,"(0.99, 1.0]",46.0,1.40625,1.302083333333333,0.0,1.3529647431447083,2.289658686462271,0.0
393,"(0.99, 1.0]",47.0,1.2929292929292928,1.4343434343434343,0.0,1.2233806207474338,2.317032257211432,0.0
394,"(0.99, 1.0]",48.0,0.898989898989899,1.4242424242424243,0.0,1.0903852463877517,2.3381143715270425,0.0
395,"(0.99, 1.0]",49.0,0.9361702127659576,1.4042553191489358,0.0,0.9609891084048923,2.3531973290424437,0.0
396,"(0.99, 1.0]",50.0,0.7341772151898734,1.481012658227848,0.0,0.8383068732984396,2.362627548837554,0.0
397,"(0.99, 1.0]",51.0,0.5578947368421052,1.5473684210526315,0.0,0.7235560798022449,2.366800148259648,0.0
398,"(0.99, 1.0]",52.0,0.29508196721311475,1.540983606557377,0.0,0.6169902956366279,2.3659616771656395,0.0
399,"(0.99, 1.0]",53.0,0.3253012048192771,1.5783132530120483,0.0,0.5184756003165297,2.359488511351741,0.0
400,"(0.99, 1.0]",54.0,0.12698412698412698,1.412698412698413,0.0,0.42823683057024853,2.3465430303900208,0.0
401,"(0.99, 1.0]",55.0,0.16883116883116886,1.3766233766233764,0.0,0.3465856566452823,2.326108169912425,0.0
402,"(0.99, 1.0]",56.0,0.14285714285714285,1.3174603174603177,0.0,0.2740896842067745,2.2981189050206217,0.0
403,"(0.99, 1.0]",57.0,0.1111111111111111,1.2857142857142856,0.0,0.21132260119334656,2.2620210348833814,0.0
404,"(0.99, 1.0]",58.0,0.017543859649122806,1.1929824561403506,0.0,0.159559981201154,2.21703091430332,0.0
405,"(0.99, 1.0]",59.0,0.06779661016949153,1.2203389830508478,0.01694915254237288,0.11931143191379004,2.162065038947034,0.0
406,"(0.99, 1.0]",60.0,0.027777777777777776,1.1666666666666665,0.027777777777777776,0.09019883625035972,2.0967014296409716,0.0
407,"(0.99, 1.0]",61.0,0.02,1.12,0.02,0.07144397095385538,2.022470930594208,0.0
408,"(0.99, 1.0]",62.0,0.037037037037037035,1.1851851851851851,0.037037037037037035,0.05970863757087236,1.9422364498154465,0.037037037037037035
409,"(0.99, 1.0]",63.0,0.0,0.9750000000000001,0.075,0.05151266221258196,1.8588119644530865,0.075
410,"(0.99, 1.0]",64.0,0.03448275862068965,0.9310344827586208,0.1724137931034483,0.04496254451642143,1.7749651411278076,0.1724137931034483
411,"(0.99, 1.0]",65.0,0.07692307692307693,0.6538461538461539,0.3461538461538465,0.03960152773410383,0.6931933203714438,1.3461538461538465
412,"(0.99, 1.0]",66.0,0.1,0.85,0.3999999999999999,0.035172789093404516,0.6146343163399097,1.4
413,"(0.99, 1.0]",67.0,0.0,0.25,0.7,0.031644761553234264,0.5390172767896769,1.7
414,"(0.99, 1.0]",68.0,0.15384615384615385,0.2307692307692308,0.9230769230769231,0.02877960230957169,0.46501328991434554,1.9230769230769231
415,"(0.99, 1.0]",69.0,0.0,0.25,0.8333333333333333,0.026219244831768296,0.3915162425212896,1.8333333333333333
416,"(0.99, 1.0]",70.0,0.0,0.16666666666666666,0.8333333333333333,0.022998549811106227,0.33343582801923544,1.8333333333333333
417,"(0.99, 1.0]",71.0,0.0,0.1,0.8999999999999999,0.019778005154003696,0.27586527784839054,1.9
418,"(0.99, 1.0]",72.0,0.0,0.0,1.0,0.016433304849526677,0.21887732901021803,2.0
419,"(0.99, 1.0]",73.0,0.0,0.0,1.0,0.012964722924967031,0.1628840304092011,2.0
420,"(0.99, 1.0]",74.0,0.0,0.0,1.0,0.009402420907424866,0.10813628020705376,2.0
421,"(0.99, 1.0]",75.0,0.0,0.0,1.0,0.005782178482298074,0.054811285126966584,2.0
422,"(0.99, 1.0]",76.0,0.0,0.0,1.0,0.002138647642044575,0.0030558221820741263,2.0
423,"(0.99, 1.0]",77.0,0.0,0.0,1.0,-0.0014971756733363404,-0.047012970776666656,2.0
424,"(0.99, 1.0]",78.0,0.0,0.0,1.0,-0.005099359271825275,-0.0953207892721887,2.0
425,"(0.99, 1.0]",79.0,0.0,0.0,1.0,-0.008648142056726656,-0.1418513103824762,2.0
426,"(0.99, 1.0]",80.0,0.0,0.0,-1.0,-0.012130969696506563,-0.186657636703029,0.0
