,index,income_bin,age_head,nu18,n1864,n65,nu18smooth,nu1864smooth,nu65smooth
0,20,"[0, 25)",20,0.0567431198210972,1.0014343903895844,0.0,0.09402343931709875,0.9911381957707753,0.0001775297106151679
1,21,"[0, 25)",21,0.1245358698019314,1.0091130413678555,0.0,0.1440308753605484,1.0020431321464303,0.0002769821918110914
2,22,"[0, 25)",22,0.1452648416917296,1.0200945467279021,0.0,0.19294861430830423,1.0130166921882426,0.0003764918021310287
3,23,"[0, 25)",23,0.2276516713075769,1.0262776385446133,0.0006790032990703769,0.2406970550913635,1.0240543511825875,0.0004767297109192246
4,24,"[0, 25)",24,0.3020650708024275,1.0337554787592718,0.0014824258260283212,0.28722591487027804,1.0351460786439963,0.0005786783960243501
5,25,"[0, 25)",25,0.3605580910329898,1.0315796189413915,0.0012814885947515064,0.3325113708862805,1.0462777996145984,0.0006833756473455323
6,26,"[0, 25)",26,0.4340098404514896,1.0540524403056626,0.0004788177679283955,0.3765510146871995,1.0574337225370904,0.0007915831471884523
7,27,"[0, 25)",27,0.5373797759544772,1.0534088557216297,0.0,0.419359037773653,1.0686005581154492,0.0009037585618123785
8,28,"[0, 25)",28,0.5158346419899679,1.064322694275087,0.0015121336329506313,0.46095152765774866,1.0797669023973484,0.0010203020988313759
9,29,"[0, 25)",29,0.73264967103784,1.087593482168208,0.003676975989166925,0.5013648684375132,1.0909301620438947,0.001141649917772184
10,30,"[0, 25)",30,0.7322062411484078,1.1136614112383234,0.0003331618964132525,0.5408400907661328,1.1021158560198099,0.0012669438577538282
11,31,"[0, 25)",31,0.8365154773488583,1.1110697727662984,0.00035432866982291745,0.580374711937204,1.1134621217809704,0.0013910552386043786
12,32,"[0, 25)",32,0.8612425094233647,1.1388923438680376,0.0008798195322554672,0.6070608039375677,1.1253444857985537,0.0015528160857483618
13,33,"[0, 25)",33,0.8502277620647475,1.1256884059976422,0.0003888283122360534,0.6331834908981798,1.1371581077353599,0.0017226721832502903
14,34,"[0, 25)",34,1.0457085594848323,1.1522937434902898,0.0,0.6585025135834642,1.148641602887168,0.0018969773578735288
15,35,"[0, 25)",35,0.932339567212746,1.1482876158749569,0.0013212732013465742,0.6868337184353815,1.1596562489532434,0.002074804191657062
16,36,"[0, 25)",36,0.944247709092494,1.1866737439507122,0.002297523002470304,0.7263797739239165,1.1701016563915179,0.0022653177898007432
17,37,"[0, 25)",37,0.9093562858185408,1.2090990209215542,0.004420111430349899,0.783174408684449,1.179879419068401,0.0024861336230036996
18,38,"[0, 25)",38,0.8334120649566568,1.1886138735345182,0.004676351678824057,0.8370907676322089,1.1888435222661142,0.0027502862581519753
19,39,"[0, 25)",39,0.8758722394643961,1.2128192781806248,0.0036089379615459796,0.8446003683402372,1.196836882438395,0.0030686811818322287
20,40,"[0, 25)",40,0.8298763616516446,1.2122273854014267,0.0014963954607821585,0.8057799397647146,1.2038437116111613,0.0034490270852616874
21,41,"[0, 25)",41,0.7686513980688344,1.243867485836101,0.0028133719007494558,0.7564836587770711,1.2099714118735756,0.003885102041028627
22,42,"[0, 25)",42,0.7255204895681586,1.2318142863232848,0.003552985345589197,0.7056948318512938,1.2153127901808538,0.00437248582249253
23,43,"[0, 25)",43,0.7021406683730488,1.2196070514438155,0.007358592595262987,0.6546580879493509,1.2198335717434214,0.004901025874565595
24,44,"[0, 25)",44,0.5973281026502161,1.218622085569979,0.0006533503485747795,0.6042583672417761,1.2234584975105673,0.005460839485703817
25,45,"[0, 25)",45,0.5258337784129359,1.253599323576024,0.003385030481282644,0.5550459934612623,1.2260908424882957,0.0060597681811545775
26,46,"[0, 25)",46,0.5650796094202137,1.245385288279794,0.00554609087181825,0.5072927764253969,1.2277843607547287,0.006715901801097445
27,47,"[0, 25)",47,0.4206771791238279,1.2420463110923508,0.008731570536979528,0.46118575081733926,1.2286656859496001,0.007455658363649813
28,48,"[0, 25)",48,0.3189630763288616,1.2209031336259657,0.006574791887798736,0.41672009746114635,1.2288877010466583,0.008301590981371638
29,49,"[0, 25)",49,0.3212811452361781,1.2055985361898198,0.007943123106379546,0.3738507110903703,1.228546656055558,0.009262126207720066
30,50,"[0, 25)",50,0.272122671063479,1.229699587798846,0.011107666941467436,0.3327247735800013,1.2277758414671094,0.010336483450610733
31,51,"[0, 25)",51,0.2565664431387605,1.24229602004561,0.009216964967664651,0.29375729863382416,1.2268018824484062,0.011529403394645664
32,52,"[0, 25)",52,0.22189840899769012,1.2463665457763962,0.015351445286358827,0.257366578722304,1.2257980558708097,0.01285357087455858
33,53,"[0, 25)",53,0.1838080158151391,1.2288454384416931,0.011137478629551587,0.22393084143029016,1.2248547675408916,0.014304040787760998
34,54,"[0, 25)",54,0.1518438628071433,1.223297437976393,0.00972813521706706,0.19384619494589955,1.223929555621898,0.018690209441671976
35,55,"[0, 25)",55,0.1498298251306515,1.193117065122091,0.02862803846711448,0.1674103903533799,1.2228823695202442,0.03615385553472584
36,56,"[0, 25)",56,0.10215121567701443,1.2209980331282384,0.023501836730860568,0.1447068142867624,1.2214662269341345,0.06005015445426304
37,57,"[0, 25)",57,0.11857720931548715,1.2167647641416,0.02622739749285492,0.12554585463249957,1.2191446909119914,0.08058797972362072
38,58,"[0, 25)",58,0.09063448018058172,1.2118197633459378,0.02865440743030495,0.10941673453381501,1.2153300269936125,0.09755740500809978
39,59,"[0, 25)",59,0.08075074881590441,1.2122966135091033,0.038262657198896585,0.0956103762018886,1.209774913992999,0.11281112970124195
40,60,"[0, 25)",60,0.059075507074510376,1.2348715913687744,0.06181025638659327,0.08365692447032821,1.2026346700407937,0.12752567095149284
41,61,"[0, 25)",61,0.03972481768459435,1.2257593310037476,0.06882723083156082,0.07341600924516499,1.1943564983574604,0.1423082514636288
42,62,"[0, 25)",62,0.05447807944961487,1.2240915891372373,0.0981597463229551,0.06467569789810852,1.185367188768487,0.15750536131644205
43,63,"[0, 25)",63,0.027788869868364856,1.2340595083908288,0.12374953557898975,0.0572526085414185,1.175906245934488,0.1733553991865239
44,64,"[0, 25)",64,0.03566703754460712,1.2257374591242758,0.15010210450616698,0.05092283382478834,1.1660820690766656,0.19005335757033348
45,65,"[0, 25)",65,0.05212054158528577,0.17905947154878527,1.2079001267590577,0.0454803633243806,0.15588110356264473,0.20689253651722206
46,66,"[0, 25)",66,0.03249340523861672,0.17904174501174314,1.2477236881073897,0.040789695350186395,0.14531896897072616,1.2223092037593466
47,67,"[0, 25)",67,0.04690678134153735,0.10420266781492624,1.3087024100230975,0.03674775240038477,0.13431739889478136,1.2367829503689456
48,68,"[0, 25)",68,0.030187405177395377,0.10250039498146292,1.360660279149091,0.033265968599761865,0.12274225655743676,1.2510398622404093
49,69,"[0, 25)",69,0.03908389106328245,0.08350711150679474,1.317415332634221,0.030283603475077026,0.11062547791900727,1.265257216746643
50,70,"[0, 25)",70,0.031812618094095,0.0782968306218731,1.3749800948317865,0.02769167208182832,0.09988124189288677,1.2793938703877301
51,71,"[0, 25)",71,0.02815551518922553,0.08439378581536082,1.356889094065815,0.025221220241023218,0.08957889493017257,1.2935366802966897
52,72,"[0, 25)",72,0.009365532901781631,0.04814061482665289,1.3488035471182356,0.022780667174265017,0.0795210819344139,1.307681547673954
53,73,"[0, 25)",73,0.024109777175146504,0.04077072143110703,1.3757645237693423,0.02033583497364345,0.06966554695575602,1.321829082726483
54,74,"[0, 25)",74,0.0192298047869206,0.05873631815845234,1.415764992038516,0.017877276047104897,0.06000523383929609,1.3359791813120103
55,75,"[0, 25)",75,0.01025374908859213,0.0315002266203354,1.3577021354861172,0.015401940836228045,0.05054484413592865,1.3501304029236725
56,76,"[0, 25)",76,0.005839666500832032,0.06064744128596181,1.3591566451081643,0.012910107594296307,0.04129031242331926,1.364277500229856
57,77,"[0, 25)",77,0.0009000180698608619,0.0326126238827961,1.4277101316319865,0.01040610063275295,0.03224936030628134,1.3784078376893905
58,78,"[0, 25)",78,0.013973053531753123,0.020966876931327733,1.339410213098187,0.007898093882586237,0.02342210148595132,1.392519146567107
59,79,"[0, 25)",79,0.006183611228957712,0.037501901110248384,1.3064949930759564,0.005396664809912184,0.014806094312183767,1.406612276925428
60,80,"[0, 25)",80,0.01159403761069957,0.029845436969130838,1.299089783416245,0.002909526554794005,0.006397284488040631,1.4206881349609295
61,102,"[25, 50)",20,0.05877947881088475,1.001404250359035,0.0,0.013292209107068452,0.9767623752595205,0.0002961619426266952
62,103,"[25, 50)",21,0.07963938763119091,1.0078519385896436,0.001854020296643248,0.08204302928067235,0.9962648210141664,0.0003047986146555584
63,104,"[25, 50)",22,0.13499952361028836,1.01502905977241,0.0,0.15075479798918537,1.0158140872055534,0.00031541759296646165
64,105,"[25, 50)",23,0.21921704210050466,1.030646233736674,0.0,0.21933693745578445,1.0353854487890592,0.00032760755234036983
65,106,"[25, 50)",24,0.2343673648204627,1.0303753770199,0.0005223515931723592,0.28768850971884563,1.0549497135632304,0.000340861673452496
66,107,"[25, 50)",25,0.3534026292594685,1.0658677633270837,0.0,0.35569317597214456,1.0744779318835156,0.00035472212223067493
67,108,"[25, 50)",26,0.3939693995215448,1.0709697035757926,0.0,0.42322536731772364,1.093948521796914,0.0003686402651558553
68,109,"[25, 50)",27,0.5205446380575892,1.1012473063036063,0.0,0.4901338333542387,1.1133490136780846,0.00038212095895812136
69,110,"[25, 50)",28,0.529020735568444,1.1283440711813204,0.0,0.5562121196080609,1.1326859132210418,0.00039483968322113745
70,111,"[25, 50)",29,0.6434003583515827,1.1738326279758273,0.0,0.6210323065361847,1.1519985242205053,0.00040682465206589116
71,112,"[25, 50)",30,0.7570769692890902,1.184605128244126,0.0005563983913876119,0.6833642364394465,1.1713897838208844,0.00041913552014433104
72,113,"[25, 50)",31,0.8222113316452939,1.1995670995670995,0.0014852024285986552,0.7387815113132131,1.1911040220655527,0.0004372813063696853
73,114,"[25, 50)",32,0.8752103068352176,1.2048260917952511,0.0012739520664078608,0.7345012504591911,1.209806659040472,0.0005101283774130963
74,115,"[25, 50)",33,0.982036707357253,1.2658113245159628,0.00010244171205019091,0.7227139244614582,1.2278192917234239,0.0006121311840017919
75,116,"[25, 50)",34,1.0039805028551805,1.2512868368936876,0.0,0.7201521708079398,1.2448984277324182,0.0007297497795446478
76,117,"[25, 50)",35,0.9356266226103376,1.2835943558447689,0.0008443193184755611,0.7247860496126277,1.2610038244641864,0.0008571966212486251
77,118,"[25, 50)",36,0.9984176870536616,1.2659748261322794,0.0,0.7328408458480243,1.2761617610456946,0.000985612590795024
78,119,"[25, 50)",37,1.0790169658390123,1.3405153041101419,0.0,0.7431847328268602,1.2902013425811503,0.0011125387332528137
79,120,"[25, 50)",38,1.058510809926295,1.3320047876810936,0.0010755381147660628,0.7583114701133584,1.3028080196512382,0.0012550812145677602
80,121,"[25, 50)",39,1.003090398517116,1.3275537014221541,0.0016617432765201065,0.7844048218298276,1.313746370215679,0.0014358733607382009
81,122,"[25, 50)",40,0.9184800884620627,1.3344774830725419,0.0002681127588348456,0.8205104775570802,1.3229817847279075,0.0016743078900389417
82,123,"[25, 50)",41,0.909591520205518,1.3403956968854636,0.0037155655546310547,0.8386398682783083,1.3306477739808424,0.001983549653676063
83,124,"[25, 50)",42,0.8613052241331117,1.3638076883468435,0.003486678534123843,0.812946991566386,1.3368408199271915,0.0023552035875977406
84,125,"[25, 50)",43,0.7407561927337244,1.3521806478063598,0.0013411153633498725,0.7598288740594482,1.3417402945043662,0.002774356546440334
85,126,"[25, 50)",44,0.6696989620182462,1.3502024762614038,0.0006821937255632099,0.7023922356059583,1.3454789366568944,0.0032229010398701413
86,127,"[25, 50)",45,0.6444685858079849,1.3808410126169368,0.003910027144471498,0.6460502093566137,1.3481617189143695,0.003686086369931537
87,128,"[25, 50)",46,0.5879810282858547,1.406883759762676,0.0,0.5914036284016039,1.3497465508176671,0.004159639762409351
88,129,"[25, 50)",47,0.5341604811182749,1.374722327572195,0.0023613443860504594,0.5389425546087204,1.3504093072233516,0.00464453081818856
89,130,"[25, 50)",48,0.4829016958207694,1.3319067204211315,0.007168875061519053,0.48908516128093754,1.350366839466124,0.00514856306627476
90,131,"[25, 50)",49,0.41187214998898136,1.3441753826854943,0.00663801822876936,0.44213389050227536,1.349758725971085,0.005688750049049413
91,132,"[25, 50)",50,0.37092036940050055,1.345864246105583,0.006732163582626911,0.39811832120412477,1.3483647348319174,0.0062803028486607786
92,133,"[25, 50)",51,0.30237189810185744,1.3571007029001925,0.011000028490453662,0.35684305679829154,1.3460122307506053,0.006926860681960959
93,134,"[25, 50)",52,0.2483023587073265,1.329900991700121,0.0037018619813249352,0.3181995128135273,1.342659091848887,0.007607253001985791
94,135,"[25, 50)",53,0.2344688383653344,1.373439032868046,0.007659055924394502,0.2820525969714094,1.3381784909235759,0.008243575751110802
95,136,"[25, 50)",54,0.2217940613846464,1.34104804939921,0.008621950849221443,0.24824731586387877,1.3323447864448696,0.008736082236960565
96,137,"[25, 50)",55,0.13478797552246718,1.3408767065788894,0.016253921265408915,0.2167043479624365,1.324967719362975,0.00902428990907799
97,138,"[25, 50)",56,0.15040576830515814,1.3149132086197441,0.01918567469622682,0.18751772333204542,1.3161333894643383,0.009082472968424802
98,139,"[25, 50)",57,0.115773569331707,1.3777467460237818,0.03138855634972347,0.16098706992714973,1.306105218004852,0.008935921148046897
99,140,"[25, 50)",58,0.10266958123203496,1.34658083615897,0.02792790466846819,0.13739880020510908,1.2949894833564124,0.008844112873495128
100,141,"[25, 50)",59,0.09643012234018658,1.3360881088932481,0.03853641005675267,0.11700468531932054,1.2826468559748183,0.009174841725544013
101,142,"[25, 50)",60,0.0809027735109429,1.286570529756565,0.0481862196935252,0.09984176585846906,1.2689890392143135,0.08510981198869799
102,143,"[25, 50)",61,0.05686253406813945,1.2909142131802944,0.07728600776801063,0.08560699486234273,1.2541574298994904,0.148267709653043
103,144,"[25, 50)",62,0.0721671214890714,1.2772265916638776,0.10163188991581494,0.07381797741012366,1.238421547035038,0.17014998594622976
104,145,"[25, 50)",63,0.048723769063634535,1.2444761448593264,0.13401986713592534,0.06392480635782474,1.2220220273395985,0.1881573349469787
105,146,"[25, 50)",64,0.05137713473606746,1.2133959646357066,0.1525549317930939,0.055629773342040986,1.2051294785552134,0.20608959116870823
106,147,"[25, 50)",65,0.0320864685886432,0.18161524734874446,1.2284456144874238,0.04877460284037294,0.18789684884759972,0.2246382411912963
107,148,"[25, 50)",66,0.027993067924709958,0.14228290844571595,1.252960573821788,0.04309131776500641,0.1704448482715385,1.252960573821788
108,149,"[25, 50)",67,0.034512080361900656,0.11134227503089536,1.27254415104893,0.038251941836132695,0.15321736363631622,1.3334990801649282
109,150,"[25, 50)",68,0.01833675786741646,0.09352222342381313,1.2934573375148697,0.034117329766197795,0.13666802707363213,1.3357406372863498
110,151,"[25, 50)",69,0.03192861183283319,0.0901148576742759,1.339592341543388,0.030552098212803126,0.1210059292638298,1.3379821944077726
111,152,"[25, 50)",70,0.031264877462997304,0.0797372802872579,1.3740416249209497,0.028167906341024576,0.10898755215427433,1.3402237515291906
112,153,"[25, 50)",71,0.01803750362148716,0.06224462271596552,1.3424653086506089,0.025801916524773778,0.0972338031917534,1.3424653086506093
113,154,"[25, 50)",72,0.021129087280375408,0.0775243564707494,1.4163042631546432,0.023462204515157983,0.08567356481533969,1.3447068657720271
114,155,"[25, 50)",73,0.009198579217874505,0.05314605895202832,1.3842949107955105,0.02116471780959671,0.07433925693097691,1.3469484228934463
115,156,"[25, 50)",74,0.02454514407817851,0.05584537248525067,1.3772413814711422,0.018917343124437696,0.06324940085236502,1.3491899800148657
116,157,"[25, 50)",75,0.013568739622889646,0.04416498167052983,1.3839654123719813,0.016724706662206636,0.05241489720491628,1.3514315371362842
117,158,"[25, 50)",76,0.034093910919451506,0.04878743280192392,1.3987560422520233,0.01458659476485739,0.04184212495153643,1.3536730942577035
118,159,"[25, 50)",77,0.014818777398759198,0.04011421504943066,1.3369621853701914,0.012500029880596671,0.03153445843195604,1.3559146513791216
119,160,"[25, 50)",78,0.0007147885024273782,0.03043112268963665,1.3581562085005405,0.010455676620159338,0.021488983513432612,1.3581562085005399
120,161,"[25, 50)",79,0.009996135411977036,0.021697470487695072,1.327972047474671,0.008444024312132392,0.011696605659791186,1.3603977656219584
121,162,"[25, 50)",80,0.00947924796155427,0.034241180315757645,1.2868798878786947,0.006460086435519659,0.0021432449708694836,1.3626393227433788
122,184,"[50, 70)",20,0.06987583404025391,1.0003492210583047,0.0,0.01579342297348714,0.9675898731565205,-8.874240602229064e-05
123,185,"[50, 70)",21,0.11440043877765213,1.0151919990791087,0.0,0.07803009643916833,1.0007223708419062,4.630840609886784e-06
124,186,"[50, 70)",22,0.14376336394293393,1.0359088257322437,0.0,0.1405803247467668,1.0339168762945339,9.792987515017947e-05
125,187,"[50, 70)",23,0.18270895494898148,1.049771350688579,0.0,0.2034104785601428,1.0671377763317689,0.00019119540505686429
126,188,"[50, 70)",24,0.2598250946866225,1.0914876166880154,0.0,0.2664833809499042,1.1003423119752838,0.00028456140108743536
127,189,"[50, 70)",25,0.2444207223248044,1.1052410313901344,0.0,0.32978043619363395,1.1334887859219414,0.00037832320830629893
128,190,"[50, 70)",26,0.374659812952716,1.1378508929865159,0.0015580100510298506,0.3933191945068309,1.166538600971286,0.0004730259367040608
129,191,"[50, 70)",27,0.4135753209486319,1.1893726957010196,0.000951068986680576,0.4572020849714036,1.1994663595104325,0.0005694603548585976
130,192,"[50, 70)",28,0.4865385745706976,1.2433589991864058,0.000954349016417278,0.521706222001656,1.2322711578629018,0.0006681979154763456
131,193,"[50, 70)",29,0.5685142608687281,1.2353552742832665,0.0011214881297139806,0.5875147908306171,1.264989254769509,0.00076952097739687
132,194,"[50, 70)",30,0.6435473198653838,1.3195662015886735,0.0,0.6562798436873631,1.2977368992326535,0.0008731860503825951
133,195,"[50, 70)",31,0.7719944835862826,1.3503911437353076,0.0007995049547146074,0.7315424535260103,1.3308729360235791,0.0009777133768812997
134,196,"[50, 70)",32,0.8302348176548331,1.388965402180029,0.0,0.7997411528005522,1.3625237605601115,0.0010913364912600982
135,197,"[50, 70)",33,1.0244596200651679,1.4414409441620337,0.0,0.8073589460319253,1.3929809930688233,0.0012004883426760481
136,198,"[50, 70)",34,1.04274372425448,1.4436890469316621,0.002862373692919762,0.7704520866834303,1.4214927459780236,0.0013095117297377238
137,199,"[50, 70)",35,1.2041206852359667,1.4756097989164592,0.0028633425442492638,0.755246521760183,1.4475107583147595,0.0014241899394012714
138,200,"[50, 70)",36,1.1362201997642052,1.4701676634124894,0.0,0.7587307506651757,1.470835354239504,0.0015527173935606278
139,201,"[50, 70)",37,1.2273618451380162,1.5210950246843447,0.0013198138488640994,0.7683966598475256,1.491590182202792,0.0016968887178035908
140,202,"[50, 70)",38,1.1989926596609626,1.554724269687797,0.0014161548532886474,0.779364977726337,1.5100391483982163,0.001862722854482418
141,203,"[50, 70)",39,1.207903340609752,1.561997267873323,0.0040862939633482635,0.7919097650497204,1.526098145980936,0.0020586224725937154
142,204,"[50, 70)",40,1.114787502793275,1.572818310248573,0.00011930598007022007,0.809033629808685,1.5395327061188397,0.002289180484882907
143,205,"[50, 70)",41,1.0774018163181869,1.6033319188760295,0.004745213612117055,0.8405815764960785,1.5503021028633746,0.0025589281907631204
144,206,"[50, 70)",42,1.0998660659483208,1.6144128430113358,0.0004891982462151262,0.8923009909338915,1.558505228074729,0.0028659166554337893
145,207,"[50, 70)",43,0.9055578944338296,1.566247827541911,0.0018765000305853317,0.9067326014309776,1.564256236762649,0.0032146705112343255
146,208,"[50, 70)",44,0.8329864837823578,1.5556675337905441,0.004156737188699496,0.8560778972277644,1.5678571071873102,0.0036045847346384764
147,209,"[50, 70)",45,0.8153301036953998,1.5718588374031381,0.0020728160817042587,0.7925563226180268,1.569502331591304,0.004052480574090437
148,210,"[50, 70)",46,0.7479569519052439,1.5859835078359947,0.0049413685836098035,0.7295561410753516,1.569257243124262,0.004599606316964833
149,211,"[50, 70)",47,0.6796991662080404,1.6057811328976852,0.0020962194794388288,0.6683585028381982,1.5673283013245736,0.005274356608593035
150,212,"[50, 70)",48,0.6150836098004189,1.6447954505553777,0.004736591572595461,0.6094855785434486,1.5640906007844344,0.006147620745614977
151,213,"[50, 70)",49,0.4406861351755503,1.563669297816634,0.0075315270144539655,0.5533024997070594,1.5599510866845665,0.007267326027133371
152,214,"[50, 70)",50,0.3823178528585929,1.5022805468039389,0.005567895701235186,0.499885561654529,1.554956577611925,0.008660222439728759
153,215,"[50, 70)",51,0.4080944407972302,1.5775202674849997,0.009686322607130558,0.44918170332460927,1.549093608386761,0.010463543472454116
154,216,"[50, 70)",52,0.3276861782394567,1.5351651742283354,0.005732581803099304,0.4011012479913075,1.5424405245905555,0.012758594957098475
155,217,"[50, 70)",53,0.21829888128010955,1.5052596782610592,0.011304658620116823,0.3551888745175379,1.5349719420924002,0.015513285451855267
156,218,"[50, 70)",54,0.2476185211162977,1.5743087060026744,0.005956720486764954,0.3108229976195189,1.5262616513279728,0.018678288915771474
157,219,"[50, 70)",55,0.1996294884422128,1.524530866476121,0.010782438304133413,0.26798365015783665,1.5156314764477192,0.022238378119180176
158,220,"[50, 70)",56,0.18509262425327352,1.5047921234185488,0.020814476604246703,0.2275044045866455,1.5025118629818823,0.026203576900134966
159,221,"[50, 70)",57,0.1136539342699084,1.5052233432581277,0.038927839136949784,0.1911413507344009,1.4866493943420744,0.03061816974969809
160,222,"[50, 70)",58,0.1145599896569557,1.5124278141699707,0.028362566798827787,0.1606620650599134,1.468088002812989,0.03557751365486976
161,223,"[50, 70)",59,0.10283708533357808,1.5196097345348225,0.030189569820169963,0.13636540077062892,1.4470137033111492,0.041249910302904494
162,224,"[50, 70)",60,0.07527009812492434,1.429084711764039,0.05792579242553207,0.11669752765476384,1.4234990290401197,0.04788902749764156
163,225,"[50, 70)",61,0.06820112262778058,1.4554958272697573,0.06476196133170978,0.09990125838192274,1.3975126108898803,0.05583582690989675
164,226,"[50, 70)",62,0.09782884636307587,1.4434121927926404,0.07914153197696676,0.0857879360737395,1.36952687752211,0.06548132940587233
165,227,"[50, 70)",63,0.07450719429138722,1.4408914938721717,0.1070668360291153,0.07437299825953607,1.3403885177162234,0.07695392968523154
166,228,"[50, 70)",64,0.0595285691016667,1.3547154724356982,0.1349795126615348,0.06489976510490872,1.3108658840647471,0.09023678304736066
167,229,"[50, 70)",65,0.041453633978916916,0.2852768346965305,1.2387040543893393,0.05684108145543563,0.28160484610411135,0.1052379386876674
168,230,"[50, 70)",66,0.040834555421239205,0.21659620426295756,1.2414688244122705,0.05006697471457902,0.2529174680242761,1.1385575188377837
169,231,"[50, 70)",67,0.03228241688763907,0.16926800728501193,1.3176010417944533,0.04428435115934336,0.22475030024302692,1.17204530953861
170,232,"[50, 70)",68,0.029276775741250094,0.13151695618896164,1.3554484552951072,0.03918703091667181,0.19723173956825552,1.191582639204456
171,233,"[50, 70)",69,0.033086425681597184,0.08888075200787543,1.3874209155191664,0.03454612213005962,0.17080354069635845,1.2092003898722927
172,234,"[50, 70)",70,0.015091250456029829,0.061764976316109485,1.3528439947916202,0.031097129813057872,0.15151789230270876,1.227275389802407
173,235,"[50, 70)",71,0.0185897556185222,0.06618378337805632,1.3666253838984694,0.02773786144795463,0.13267325661449245,1.24534780148358
174,236,"[50, 70)",72,0.02347570697323152,0.07438784929092893,1.2913417806494922,0.024433491371242698,0.11412512782719378,1.2634272248528402
175,237,"[50, 70)",73,0.028696430781326214,0.06630316883721946,1.3885083242944187,0.021196243912159084,0.09597590115058133,1.2815134908879315
176,238,"[50, 70)",74,0.02174704383461913,0.05171381266072498,1.3619497187679808,0.018031624312481013,0.07829500559454172,1.2996054188748256
177,239,"[50, 70)",75,0.004059672691444434,0.054832155224222315,1.4056565590492272,0.014937091158238446,0.06112304910036772,1.3177017685667705
178,240,"[50, 70)",76,0.014416854520052456,0.05036042136300131,1.3609356384300886,0.011908146048893242,0.04448613456190043,1.3358013519758742
179,241,"[50, 70)",77,0.007712383673717535,0.06222017639472119,1.3534495112450549,0.008943080259704065,0.028397398851015256,1.3539026764935118
180,242,"[50, 70)",78,0.007807065714808712,0.02586033315028373,1.3533818414790408,0.006039851606016227,0.012855141005997193,1.372003471919203
181,243,"[50, 70)",79,0.011845402061239432,0.02816894392611817,1.323352577545541,0.0031963892015662828,-0.0021607619972682113,1.3901029038477
182,244,"[50, 70)",80,0.003847415265259039,0.031229431256573518,1.2863960734198117,0.0004094060609266117,-0.016681449401864886,1.4082006254380213
183,266,"[70, 90)",20,0.08335214074180089,1.0165096936135545,0.001343124194951174,-0.048298658158161804,0.9948041743129257,0.0002693680930720138
184,267,"[70, 90)",21,0.1493678767698097,1.0551490294810364,0.0,0.03317359997527914,1.0448350321378295,0.0003175337724429268
185,268,"[70, 90)",22,0.17946952855896958,1.0814974211396673,0.0013431294657760776,0.11548889242811852,1.0947077545314925,0.0003679532279977006
186,269,"[70, 90)",23,0.19761384973125853,1.1258371013317252,0.0,0.19855637401547377,1.144352138622921,0.00041982305896393
187,270,"[70, 90)",24,0.21247286461466766,1.1613892264127843,0.0,0.282221192722159,1.1936944021878813,0.0004718320982955259
188,271,"[70, 90)",25,0.2453240395900272,1.1761157027064912,0.0,0.3663035206623955,1.2426650448527965,0.0005225284559071048
189,272,"[70, 90)",26,0.3488896489876634,1.2772802005127792,0.0,0.45064540828528793,1.2912113894466768,0.0005705030513542446
190,273,"[70, 90)",27,0.4083179682388628,1.336226431927675,0.0,0.5351582160470493,1.3393171010733262,0.0006145012789492901
191,274,"[70, 90)",28,0.501270049748778,1.406770604233912,0.0,0.6198874002225981,1.387016409598549,0.0006536462428265119
192,275,"[70, 90)",29,0.6290550364780763,1.4652118231976812,0.0,0.7051525344972149,1.4344340961337412,0.0006879683238164368
193,276,"[70, 90)",30,0.7795232644052855,1.5705336559347778,0.0,0.7918331630600184,1.4818788371309903,0.0007199927465790314
194,277,"[70, 90)",31,0.9341281517071304,1.646631234321187,0.0031633998044134533,0.8817820342936252,1.5299703472694772,0.0007598031037284169
195,278,"[70, 90)",32,1.1055053081754416,1.68705669694608,0.0008792381900464343,0.9600555170981866,1.5714872866079808,0.0007784918842649045
196,279,"[70, 90)",33,1.135978057288325,1.683696710495596,0.004435928077435911,1.0253658297112056,1.6112685264269664,0.0008044987454677394
197,280,"[70, 90)",34,1.268042981938066,1.7348307079326182,0.001895224914714879,1.0770093362057749,1.6489300834566227,0.0008428862763956434
198,281,"[70, 90)",35,1.3256106628044526,1.7006543851539115,0.0006169465189979101,1.1169674075124316,1.683908192777729,0.0008872498276514748
199,282,"[70, 90)",36,1.4689484057429094,1.7560120591740866,0.0,1.1486786906691804,1.715745038261226,0.0009278743976978397
200,283,"[70, 90)",37,1.4078904042453806,1.7771290078031075,0.0,1.1738998713213056,1.743876710649674,0.0009561103144949062
201,284,"[70, 90)",38,1.4145001332415659,1.7646321286634241,0.0,1.1930905038100992,1.767588047652807,0.0009714256430495287
202,285,"[70, 90)",39,1.5297937970502762,1.810557114944011,0.0006585798875256638,1.2065014646284362,1.7866240685785653,0.000989420457935113
203,286,"[70, 90)",40,1.4658751912952843,1.8258489348943407,0.0010631194041991325,1.213805499849316,1.8014735883626998,0.0010339175845830776
204,287,"[70, 90)",41,1.397055459265377,1.8281356024210842,0.0,1.2133792746912093,1.8130339033436544,0.0011222459620295294
205,288,"[70, 90)",42,1.3168816766000888,1.8085934200717557,0.00017259550590680578,1.2020143312520684,1.8221300523159707,0.0012837283990209886
206,289,"[70, 90)",43,1.3389957220583961,1.8696284204120475,0.0015728523162101301,1.1757917143723324,1.8292863798705532,0.0015477712658747856
207,290,"[70, 90)",44,1.2218184001004098,1.879218986188192,0.0024811413250095038,1.1318209210837937,1.8347928733625571,0.0019165017486556851
208,291,"[70, 90)",45,1.0747096783570484,1.8289772975015626,0.0009992296847521184,1.0702583118611189,1.8385760389163788,0.0023739244867412137
209,292,"[70, 90)",46,1.0761264810437496,1.9021928510392738,0.0010967954337798198,0.9965624814301004,1.840481415080619,0.0029007512744933656
210,293,"[70, 90)",47,0.95866864701752,1.8896462664174285,0.0009977052778609198,0.9165724678661142,1.8403588987306874,0.003487351870034479
211,294,"[70, 90)",48,0.8194218813813132,1.8726487271407177,0.0019530789127376685,0.8343996203255083,1.838191110110487,0.004135973087166867
212,295,"[70, 90)",49,0.75448722473179,1.869155844155844,0.004746612083568605,0.7525106315237526,1.8339483076590808,0.004858576780182327
213,296,"[70, 90)",50,0.6170338154390147,1.8063768984351594,0.006673536645189753,0.6731253086531238,1.827576150364613,0.005673096829484601
214,297,"[70, 90)",51,0.5340677177600369,1.8229616247915867,0.0018286036395494536,0.5975167564580319,1.819088746565247,0.006597945590431564
215,298,"[70, 90)",52,0.4508844485515041,1.8156418374715324,0.00807272861930419,0.5260391395294387,1.8083126704463248,0.007652571762636777
216,299,"[70, 90)",53,0.37438626920451096,1.8327314144618208,0.011076090037893213,0.4590872765645466,1.7949386811533106,0.008867344369605346
217,300,"[70, 90)",54,0.3135748021698669,1.8369022540278888,0.009525570592393022,0.39707342974583687,1.7786892091526312,0.012106692190164615
218,301,"[70, 90)",55,0.2076930648105139,1.769313388094675,0.02089380593625835,0.3402561247230563,1.7594598554657637,0.025674560052486445
219,302,"[70, 90)",56,0.18798221250789893,1.7572758251354763,0.025598433788859853,0.2888939674755651,1.7372532931734308,0.04911414440117017
220,303,"[70, 90)",57,0.18618431752451933,1.7421014856561,0.04217255107163818,0.24331234169353477,1.7122510912094255,0.07321121504843295
221,304,"[70, 90)",58,0.1116764122751566,1.7083159732199298,0.04076274352048733,0.20377644653944407,1.6847799937832588,0.09424468210595868
222,305,"[70, 90)",59,0.1251191347772437,1.7039783993903295,0.053685079738380964,0.17024685458753366,1.6549077736862627,0.11287091865581013
223,306,"[70, 90)",60,0.11514584410119645,1.6694283633680658,0.07260213698451158,0.14246807272393516,1.6225631636371407,0.13024592454304496
224,307,"[70, 90)",61,0.08273371345479834,1.6602022309415712,0.0530115340390474,0.11998666262686862,1.5876750034020182,0.14718073510111934
225,308,"[70, 90)",62,0.042693984604539915,1.5983303175690193,0.08856305692062683,0.10209153962770885,1.5503170997663878,0.16417347490154718
226,309,"[70, 90)",63,0.07809193491325891,1.5363166565018371,0.1303905247873525,0.08803500605077737,1.5109537502324117,0.18141839081596337
227,310,"[70, 90)",64,0.05897380046566611,1.4624136392377625,0.17996874411837474,0.07700317669644927,1.4702333373564023,0.19918547948706794
228,311,"[70, 90)",65,0.04255373186450363,0.4201445548535933,1.2177635268844513,0.06819259990963415,0.4289161015617272,0.21740216460372327
229,312,"[70, 90)",66,0.04947004054146911,0.3971882945097231,1.2533712980141551,0.06096710155549859,0.387660620305253,1.234638807217669
230,313,"[70, 90)",67,0.05402863314317044,0.34195289569084897,1.3004022252366796,0.05491304612295563,0.3469777932881265,1.2515285340047804
231,314,"[70, 90)",68,0.0660999845794658,0.2811650348855769,1.3527433671412765,0.049835147879666294,0.3074196899682085,1.268421976945643
232,315,"[70, 90)",69,0.051434846793648514,0.2277061654604592,1.3977514132430777,0.04552249901183156,0.269437074580385,1.285316708184943
233,316,"[70, 90)",70,0.04130639906473838,0.17386608430410244,1.382857888896142,0.041980366519009986,0.23788031183119196,1.302215182755953
234,317,"[70, 90)",71,0.031135147308595786,0.1396984075845394,1.4044910432495161,0.03841316621777949,0.2067880593178503,1.3191146608567432
235,318,"[70, 90)",72,0.03971835708298408,0.10722212908633696,1.3928683989941324,0.03483549164233612,0.1758161872092799,1.3360156689433513
236,319,"[70, 90)",73,0.03176960695526173,0.10984241985147618,1.4091034232928816,0.031252715207053576,0.14501954753685908,1.3529178290575117
237,320,"[70, 90)",74,0.01702398923730338,0.06474825771026757,1.435814906647686,0.027664868543283434,0.11447728831516281,1.369820802689658
238,321,"[70, 90)",75,0.018951215505913274,0.07032687253613666,1.4080896846254927,0.024072018604555396,0.08425949083962109,1.386724443672485
239,322,"[70, 90)",76,0.031499581122591463,0.056090907138100665,1.4033037613043198,0.020477681018126134,0.05443278204505835,1.4036287740885562
240,323,"[70, 90)",77,0.029458948329456777,0.034315153359563505,1.420829076364585,0.016885535366314437,0.025053295785838797,1.4205340556688135
241,324,"[70, 90)",78,0.005289644122492271,0.0328255816577528,1.3423058696093697,0.013294004800262509,-0.0038380332293625253,1.4374409054006305
242,325,"[70, 90)",79,0.005576513039199606,0.00968683058235297,1.3972147255729346,0.009697341723934697,-0.03221842407348936,1.454349476465339
243,326,"[70, 90)",80,0.00582422120274467,0.0242528807154696,1.2968882050469794,0.006092874918020857,-0.060090582498326967,1.4712597618515595
244,348,"[90, 99)",20,0.15071150964314867,1.0872543525140412,0.0,0.0003206313491975936,1.169709149007425,0.000373794559419466
245,349,"[90, 99)",21,0.1884702066263665,1.186938637957026,0.0,0.07878655165583749,1.2223966498000582,0.0004310539303881883
246,350,"[90, 99)",22,0.24767484100121664,1.2756084622525645,0.0,0.15819569875787673,1.2744283388159134,0.0004884377137139982
247,351,"[90, 99)",23,0.2225427425596285,1.2849474659349422,0.002137127981425456,0.2384810670236412,1.3257668428705498,0.0005466677631167602
248,352,"[90, 99)",24,0.2985723516289459,1.335902301253395,0.002227868234165909,0.31950628589152735,1.3763817039315553,0.0006066543094189452
249,353,"[90, 99)",25,0.2716893305758402,1.4417083035926719,0.0,0.40110351734822525,1.4262683436160708,0.0006686837692918533
250,354,"[90, 99)",26,0.3615507786934725,1.4756479581138526,0.0,0.4830928861724834,1.4754588511900066,0.0007322237999305507
251,355,"[90, 99)",27,0.4235111594811759,1.603591146513882,0.0,0.5653254813285551,1.524020307748966,0.0007965276724586939
252,356,"[90, 99)",28,0.5440897141205456,1.654257222688671,0.0,0.6477201315760822,1.5720823571307943,0.0008607826457381516
253,357,"[90, 99)",29,0.7311271864300164,1.7937697019950392,0.002998634709822226,0.7303375931634415,1.6198741223718958,0.0009240850483068289
254,358,"[90, 99)",30,0.7124044299527772,1.773193304474927,0.0,0.8135870365316904,1.6678072913702926,0.0009848854357269816
255,359,"[90, 99)",31,0.9139347823622976,1.8371448109625477,0.0017757090557383739,0.8991028538426812,1.71621081996246,0.0010387140388355776
256,360,"[90, 99)",32,0.9087754506312486,1.8318798803181786,0.000415967306429249,0.9868403517776305,1.7528149187768616,0.0010980509620829154
257,361,"[90, 99)",33,1.2108460586684702,1.852921511516204,0.0012142544247277533,1.0720385465198041,1.786148160894406,0.0011405352050257586
258,362,"[90, 99)",34,1.2429233948950769,1.8649731001097876,0.0017816049291069704,1.1515310848758262,1.8156689846427758,0.001167351281686133
259,363,"[90, 99)",35,1.3770344463765851,1.8835466286317188,0.0,1.2221128246060227,1.8406961922443066,0.0011846832913253013
260,364,"[90, 99)",36,1.5258337429820703,1.8568601071123645,0.0,1.282216126725577,1.860805441975936,0.0011904211717165905
261,365,"[90, 99)",37,1.4139539039530955,1.9071271449298175,0.0020252647523092697,1.3328408917913477,1.8763271246364823,0.0011888045593726447
262,366,"[90, 99)",38,1.5351766918252907,1.8717505807472707,0.0044034683163009175,1.3738903565911522,1.888370416701484,0.0011961792603739484
263,367,"[90, 99)",39,1.7345116746613995,1.921103449492099,0.002252927483069977,1.403926469144245,1.8983267364717697,0.0012367300891844332
264,368,"[90, 99)",40,1.6122320675105486,1.8936033755274262,0.0016708860759493671,1.421052694626142,1.9071419619585543,0.0013195722879820548
265,369,"[90, 99)",41,1.5924913235560072,1.9149880725807145,0.0,1.4241664618195302,1.915161997095622,0.0014490964445919166
266,370,"[90, 99)",42,1.5914354969027742,1.8854026393751684,0.0,1.4123650135015422,1.92227938504392,0.0016344202830136298
267,371,"[90, 99)",43,1.646613512446304,1.92554553540446,0.0,1.3856901881165131,1.9285178039846733,0.0018846850043049478
268,372,"[90, 99)",44,1.4524915872408164,1.9284059080742337,0.0,1.3449717223558868,1.9339459111942,0.002230144192723459
269,373,"[90, 99)",45,1.4210798933298805,1.9868442883330568,0.0025979596709251084,1.2915310938063727,1.9386488576134404,0.0026865680870261236
270,374,"[90, 99)",46,1.3009592276881996,1.9642436068604292,0.0,1.2262669717094778,1.9426810613548144,0.003255643267922244
271,375,"[90, 99)",47,1.4423451295941991,2.009415517811614,0.002871963191981948,1.1507459326718938,1.9459744182690986,0.003946867286593245
272,376,"[90, 99)",48,1.2414368582934587,1.966602034111477,0.0022453430295603237,1.066748525827105,1.9482997512410272,0.004784987051028821
273,377,"[90, 99)",49,1.103072243704612,1.929033449652614,0.006484013958313685,0.9763809489790178,1.9493476409409811,0.0057917933147872795
274,378,"[90, 99)",50,0.8597630819113002,1.9984922728986052,0.002927625439601257,0.8835144193266106,1.948638074424503,0.006973519983293347
275,379,"[90, 99)",51,0.5836139466054603,1.9475190263348636,0.004552730128050254,0.7910643552115754,1.9459174597563287,0.008326630672912163
276,380,"[90, 99)",52,0.6292170544374892,1.9227487230112255,0.010885254238555712,0.7002557033781714,1.9408035313573366,0.009856827055583845
277,381,"[90, 99)",53,0.5368707787604015,1.9692264636740175,0.005567371916862569,0.6126551645248355,1.932936479654276,0.01159496253452533
278,382,"[90, 99)",54,0.394301392992824,1.9491768678767412,0.016903948731724166,0.5297736865191849,1.921963026758021,0.016798957932772942
279,383,"[90, 99)",55,0.3501346451030494,1.9401441314625822,0.021459063298499014,0.4528402261390947,1.9075825021139239,0.03773890049583324
280,384,"[90, 99)",56,0.23897360528789485,1.934278062099939,0.030262902672296744,0.3832019199258259,1.889514018898815,0.06875003202226834
281,385,"[90, 99)",57,0.1850726490029875,1.9259434960911463,0.016101967364797583,0.3219655196273519,1.8675972674910284,0.097334519207568
282,386,"[90, 99)",58,0.1441509674641835,1.8825808611906147,0.0380009726463155,0.26939580985260003,1.8417324234586419,0.12177206519217054
283,387,"[90, 99)",59,0.1308425974025974,1.8770535064935063,0.0586348051948052,0.2251845190453926,1.8119476648850597,0.14397014726498988
284,388,"[90, 99)",60,0.1322870339426035,1.804390858376822,0.06855788923451331,0.18922912792789046,1.778103751030835,0.16546743581054524
285,389,"[90, 99)",61,0.11707450035610345,1.8426066771592617,0.04957311550940377,0.1609346176593472,1.7403398599410749,0.1871083444537141
286,390,"[90, 99)",62,0.08573434504360976,1.7688908090981919,0.09549140856353344,0.1391254910871672,1.6993332383341195,0.20927282175879372
287,391,"[90, 99)",63,0.11006465039647746,1.7234340826099106,0.12118336239871275,0.12275698162058618,1.6559521699584872,0.2321917998643353
288,392,"[90, 99)",64,0.0695903410692474,1.6507093864511886,0.1946772526543268,0.11138245195607692,1.6110223748284722,0.2560364181888462
289,393,"[90, 99)",65,0.07238229755178907,0.5873069679849341,1.2806967984934086,0.1039657095654469,0.5651781027666719,0.2806815331434851
290,394,"[90, 99)",66,0.09391708195765704,0.4975703685299416,1.332106970677191,0.09925455007836863,0.5188041944769752,1.2997632245083222
291,395,"[90, 99)",67,0.07318641339006618,0.38545053474538177,1.4261601831620545,0.09631385156014931,0.47246393097959094,1.317112426126561
292,396,"[90, 99)",68,0.08024754164098083,0.40054942753003003,1.383922960444809,0.09434459529855758,0.4268221096624279,1.3353202399431368
293,397,"[90, 99)",69,0.08939104759498047,0.26186216940541185,1.4648174871818744,0.09289859314029754,0.3825707169300358,1.3535280537597132
294,398,"[90, 99)",70,0.11176384974662272,0.25906005636486323,1.4676298971936648,0.0917231655555641,0.34607973251721247,1.3717358675762892
295,399,"[90, 99)",71,0.12704155252096447,0.2374857971378183,1.5246938106889172,0.09042048586619623,0.3104770540577022,1.3899436813928654
296,400,"[90, 99)",72,0.10780265972565034,0.2494577330999716,1.5271357836317672,0.08914159149064387,0.2752005400393811,1.4081514952094416
297,401,"[90, 99)",73,0.0798748326531929,0.2420762294949756,1.5230575673016435,0.08788499641870098,0.24028669213760306,1.4263593090260174
298,402,"[90, 99)",74,0.09118458743799343,0.14868476210438064,1.534749877733529,0.08662589724846492,0.20579934688329346,1.4445671228425936
299,403,"[90, 99)",75,0.09509438808270194,0.12939147663688566,1.5424975692087544,0.08534431787454805,0.17178128814329602,1.4627749366591694
300,404,"[90, 99)",76,0.08389810482536983,0.09295335318304268,1.5783827213006285,0.08402185408839506,0.13827961786564608,1.4809827504757458
301,405,"[90, 99)",77,0.094472710453284,0.20803461301264264,1.499190564292322,0.08264005668480102,0.10534732962081668,1.499190564292322
302,406,"[90, 99)",78,0.06770738053133321,0.08152936154643575,1.4679756895745675,0.08118244805892644,0.07303280786681897,1.517398378108898
303,407,"[90, 99)",79,0.0789450403627115,0.08993696782041358,1.4194625677319475,0.07963332162294723,0.04134654551127643,1.535606191925475
304,408,"[90, 99)",80,0.05393546831558088,0.0976288486315837,1.4233086615715753,0.07798416922555496,0.010278429565942711,1.5538140057420509
305,430,"[99, 100)",20,0.16961680076367108,1.1875357970816856,0.024655666166643938,-0.024734220974985364,1.2511011491694783,0.013978541386776311
306,431,"[99, 100)",21,0.170744097751397,1.3526376300098928,0.029624876340204807,0.050210465009222126,1.2936175729923225,0.012569642734888723
307,432,"[99, 100)",22,0.2715918015758405,1.3166121962960147,0.0,0.12694747180057653,1.3358987660352784,0.011219163972851557
308,433,"[99, 100)",23,0.3220732935616332,1.3796131298261924,0.016838408098964388,0.20548478853554594,1.3779021686897819,0.009918000192881119
309,434,"[99, 100)",24,0.2712122805172958,1.420854799705604,0.0,0.2857203914171197,1.419578425539604,0.008657484242851851
310,435,"[99, 100)",25,0.06251201098146877,1.2299794097460535,0.0,0.36744545965174474,1.4608718808305923,0.007426599871623172
311,436,"[99, 100)",26,0.30020587156998224,1.569305394963197,0.0,0.450399067517147,1.5017285974582948,0.006215792722405949
312,437,"[99, 100)",27,0.3379956074442261,1.5235521904982083,0.0,0.5343472943628202,1.5421285029903782,0.00501890869568672
313,438,"[99, 100)",28,0.4277497758124865,1.5544389127678655,0.0,0.6191077496096228,1.5820564288639436,0.003834461178525913
314,439,"[99, 100)",29,0.5003607616776986,1.6679110330332214,0.0,0.7046200264384634,1.6215443922848167,0.0026691519839918956
315,440,"[99, 100)",30,0.6667287803969068,1.8259883847324452,0.0,0.79121392089864,1.6607314716829502,0.001553519935737097
316,441,"[99, 100)",31,0.5295921806538592,1.7142905291540278,0.0,0.8810728921609404,1.6996977362416532,0.0006208088953539188
317,442,"[99, 100)",32,1.0605917976717183,1.7265053814051272,0.0,0.9773028287441554,1.7303508555830973,0.0004174382053356737
318,443,"[99, 100)",33,1.1606881280872083,1.8465338102537898,0.0,1.0703199675904418,1.7583998916589312,0.0005335293181642942
319,444,"[99, 100)",34,1.3068799449604402,1.913140694874441,0.0,1.160536530256287,1.7834509667930913,0.0009401274434939631
320,445,"[99, 100)",35,1.7496239573362504,1.9291672364282784,0.0,1.2481102914797948,1.8052199464028886,0.0015796575066566166
321,446,"[99, 100)",36,1.6622135951891603,1.739133744386085,0.0,1.3314376822359288,1.823585341361045,0.0023901850174704573
322,447,"[99, 100)",37,1.6623366871902687,1.880049556990539,0.0,1.4084821388254531,1.8387453093845711,0.003399516855722987
323,448,"[99, 100)",38,2.045056701423244,1.9942537483826777,0.0,1.474916485871132,1.8510380542188716,0.004630685222280576
324,449,"[99, 100)",39,1.583596091712406,1.7869516135310834,0.0,1.525818152791032,1.8604653656276722,0.006034979591088242
325,450,"[99, 100)",40,1.8302324724606716,1.8385955863390193,0.0,1.5582613685155193,1.867374698602883,0.0076199671003274235
326,451,"[99, 100)",41,1.824737105658488,1.866877238935326,0.0,1.5715232466946847,1.872657995549352,0.009292600743645203
327,452,"[99, 100)",42,1.530279132890731,1.9449803763342257,0.03290173495213293,1.5662220716683524,1.8770072963507296,0.010958695538642921
328,453,"[99, 100)",43,1.7237527387665672,1.9315038971301317,0.0,1.5431503055050604,1.8804959375131771,0.012647927250523196
329,454,"[99, 100)",44,1.7421571122178197,1.84401468610273,0.03264386200879712,1.501277643726711,1.8836918663397766,0.014333793068987462
330,455,"[99, 100)",45,1.7632716271699198,1.8702009652092486,0.0,1.4422362698086901,1.886856050441465,0.016036702795330357
331,456,"[99, 100)",46,1.608955333260049,1.8436847312300757,0.01623245758675021,1.3712679151907528,1.889547116973842,0.017699126605757443
332,457,"[99, 100)",47,1.6774739008969268,1.8884722834877223,0.03609763270107337,1.292920748275851,1.8910819891321566,0.019311813006531998
333,458,"[99, 100)",48,1.3126944837340877,1.9825671852899576,0.035785007072135784,1.2083093761620487,1.8907683081196254,0.021071697420087025
334,459,"[99, 100)",49,1.0259203997362851,1.8649502064610153,0.0021513584787813595,1.1183304603099768,1.8885387718835682,0.02309965100549987
335,460,"[99, 100)",50,0.8855945963499383,1.8450022731700981,0.06520750795609534,1.0241353942241223,1.884658614451656,0.025393710383830318
336,461,"[99, 100)",51,0.8512732788948778,1.9475196075267083,0.0,0.926281788158368,1.8794231017321685,0.028065589662789363
337,462,"[99, 100)",52,0.8049605411499436,2.0362092976987864,0.0,0.8272519803441996,1.8731357701854496,0.03158546976744642
338,463,"[99, 100)",53,0.8345371194881436,1.8020513835295668,0.05870518782362059,0.7294518361377678,1.865993673041928,0.03611621479720789
339,464,"[99, 100)",54,0.4230018825945576,1.9937018654800616,0.0,0.6357612042284079,1.8577266677666153,0.04169650583275765
340,465,"[99, 100)",55,0.4700218519530183,1.8700833105708823,0.04814258399344441,0.5493893198724492,1.847226568413698,0.04855622682112375
341,466,"[99, 100)",56,0.42763114374545214,1.8319110934709268,0.0,0.471676446837594,1.833554144615103,0.05770412018800054
342,467,"[99, 100)",57,0.20123817228886,1.857117731893489,0.003306482816841957,0.4026693236049665,1.8161067980628618,0.06926876677859144
343,468,"[99, 100)",58,0.268712390470493,1.698595910898406,0.08878488228877081,0.3416574220774801,1.7945769860124128,0.08332250224872177
344,469,"[99, 100)",59,0.1200117802974525,1.7423796200854071,0.0560300397585039,0.2875753777904887,1.768670567322169,0.10042467259675043
345,470,"[99, 100)",60,0.13033131298107314,1.8479529989216523,0.06101959617744394,0.2399441552949146,1.7383228125120525,0.11987715357076487
346,471,"[99, 100)",61,0.16620024875621892,1.8693252487562189,0.06273320895522387,0.19881308554524948,1.7036872304725255,0.14093942251566685
347,472,"[99, 100)",62,0.12168610816542948,1.699742463263142,0.16300560521133162,0.164541182405224,1.6659397070060202,0.16363323965409562
348,473,"[99, 100)",63,0.057469296931832774,1.7239505327570712,0.1021010740724892,0.13740308594815034,1.6269141340800846,0.18821894295067923
349,474,"[99, 100)",64,0.05789122455789121,1.7392392392392393,0.15849182515849186,0.1172242478008202,1.5874539417788505,0.21427317493321513
350,475,"[99, 100)",65,0.10166618431388763,0.4802579898292471,1.4184065820482077,0.10322016198589336,0.5477362711163121,0.24157676179972457
351,476,"[99, 100)",66,0.02879972653078665,0.5885142930393539,1.274110156817502,0.09447685500076164,0.5086057991102481,1.2702452999852214
352,477,"[99, 100)",67,0.11493397805467732,0.4321647758973405,1.46987167565557,0.0903485226328782,0.47065934702438655,1.3000412699091521
353,478,"[99, 100)",68,0.05903168730899148,0.19425231891051414,1.4857112219183959,0.09033077043318308,0.4343231169320773,1.3305273061842176
354,479,"[99, 100)",69,0.0,0.3024640896881934,1.3603877145860097,0.09400160301267611,0.39993992818695856,1.3616436323547472
355,480,"[99, 100)",70,0.04653125527485512,0.13987509143082202,1.6557137230630732,0.10638798543780306,0.377405062221866,1.3939766686031299
356,481,"[99, 100)",71,0.1581791976939707,0.26297141484506364,1.6139803026663464,0.11950393868023597,0.3553040463572402,1.4262798459483976
357,482,"[99, 100)",72,0.0652881485736167,0.244304039823856,1.5500031910141043,0.13278050283043857,0.3331270487273717,1.4585605686325465
358,483,"[99, 100)",73,0.03337793113161045,0.3242025209492289,1.4674318709950003,0.14622976163832763,0.31121078781804146,1.490822156780916
359,484,"[99, 100)",74,0.1553156146179402,0.09173965569314406,1.8055723346421022,0.15992899902219537,0.28981038319725816,1.5230697343667865
360,485,"[99, 100)",75,0.14786305989296972,0.1203724067150502,1.7154900667106516,0.17396677150281162,0.2690770759316801,1.555340255548121
361,486,"[99, 100)",76,0.2738247045821644,0.2738247045821644,1.589730510924084,0.18841027883893435,0.2491462445364942,1.5876713127278903
362,487,"[99, 100)",77,0.05342349957734573,0.25900253592561284,1.698224852071006,0.20330576462469171,0.23014747405043964,1.6200922088937522
363,488,"[99, 100)",78,0.2991423670668953,0.3428816466552316,1.5566037735849056,0.21867192765887863,0.21216469395487714,1.6526181286080703
364,489,"[99, 100)",79,0.3680582152432018,0.2491382612026044,1.4210072769054,0.23455229767312047,0.19522980730274153,1.6852422292438367
365,490,"[99, 100)",80,0.2534063615344901,0.2798940492491414,1.5088554176300253,0.2509497210672922,0.179309559613283,1.7179545003419965
